product_id,split,stratum,ingredient_group_id,company_code,company_name,brand_name,drug_codes,din_list,active_ingredient_codes,variant_count,language_case_ids,source_rows,selection_status,route_group
hc_dpd_01157f8a36238f03,heldout,multi_ingredient,hc_ing_c4ad4966a05fe01a,7555,EURO-PHARM INTERNATIONAL CANADA INC,OPTIMYXIN,"[""10025""]","[""00701785""]","[""8520"",""8523""]",1,"[""hc_dpd_01157f8a36238f03_en"",""hc_dpd_01157f8a36238f03_fr""]","{""comp.txt"":[774],""drug.txt"":[774],""form.txt"":[775],""ingred.txt"":[1135,1136],""route.txt"":[922,923],""schedule.txt"":[774],""status.txt"":[3744]}",new_heldout,ophthalmic_or_otic
hc_dpd_0231fff5e9dde1c8,heldout,multi_variant,hc_ing_069d0311d73159e0,12027,SANDOZ CANADA INCORPORATED,SANDOZ APREMILAST,"[""101827"",""101828""]","[""02529084"",""02529092""]","[""22541""]",2,"[""hc_dpd_0231fff5e9dde1c8_en"",""hc_dpd_0231fff5e9dde1c8_fr""]","{""comp.txt"":[11643,11644],""drug.txt"":[11643,11644],""form.txt"":[11910,11911],""ingred.txt"":[16885,16886,16887,16888],""route.txt"":[14042,14043],""schedule.txt"":[12029,12030],""status.txt"":[45662,45664]}",new_heldout,oral
hc_dpd_03b846e2e2a869b7,heldout,single_ingredient,hc_ing_6a97982dccf77dd3,8892,STERIMAX INC,VOCARVI,"[""99528""]","[""02505924""]","[""902""]",1,"[""hc_dpd_03b846e2e2a869b7_en"",""hc_dpd_03b846e2e2a869b7_fr""]","{""comp.txt"":[10530],""drug.txt"":[10530],""form.txt"":[10760],""ingred.txt"":[15235],""route.txt"":[12582],""schedule.txt"":[10849],""status.txt"":[43086]}",new_heldout,parenteral
hc_dpd_03be53df70eb2d11,heldout,multi_ingredient,hc_ing_7a092c09d492e8bf,4415,JAMP PHARMA CORPORATION,JAMP EFAVIRENZ/EMTRICITABINE/TENOFOVIR DISOPROXIL FUMARATE,"[""100873""]","[""02519461""]","[""11857"",""12251"",""16516""]",1,"[""hc_dpd_03be53df70eb2d11_en"",""hc_dpd_03be53df70eb2d11_fr""]","{""comp.txt"":[11130],""drug.txt"":[11130],""form.txt"":[11387],""ingred.txt"":[16102,16103,16104],""route.txt"":[13431],""schedule.txt"":[11472],""status.txt"":[44486]}",new_heldout,oral
hc_dpd_043c39ecda680f30,heldout,multi_ingredient,hc_ing_18e2c4f00f73ba8a,12538,SANOFI-AVENTIS CANADA INC,FLAGYSTATIN,"[""12654""]","[""01926829""]","[""8508"",""9880""]",1,"[""hc_dpd_043c39ecda680f30_en"",""hc_dpd_043c39ecda680f30_fr""]","{""comp.txt"":[1031],""drug.txt"":[1031],""form.txt"":[1032],""ingred.txt"":[1520,1521],""route.txt"":[1216],""schedule.txt"":[1033],""status.txt"":[5027]}",new_heldout,other
hc_dpd_081ba846a2fd5b7c,heldout,multi_ingredient_multi_variant,hc_ing_802e7684b2ef8eeb,9985,GLAXOSMITHKLINE INC,TRELEGY ELLIPTA,"[""96469"",""100515""]","[""02474522"",""02515776""]","[""20155"",""22120"",""22230""]",2,"[""hc_dpd_081ba846a2fd5b7c_en"",""hc_dpd_081ba846a2fd5b7c_fr""]","{""comp.txt"":[9030,10953],""drug.txt"":[9030,10953],""form.txt"":[9204,11203],""ingred.txt"":[12809,12810,12811,15854,15855,15856],""route.txt"":[10692,13211],""schedule.txt"":[9270,11289],""status.txt"":[39296,44073]}",new_heldout,inhaled_or_nasal
hc_dpd_088fd290b277f8f6,heldout,single_ingredient,hc_ing_1ae397ad7f066077,14236,SANIS HEALTH INC,OLOPATADINE,"[""101039""]","[""02521172""]","[""11561""]",1,"[""hc_dpd_088fd290b277f8f6_en"",""hc_dpd_088fd290b277f8f6_fr""]","{""comp.txt"":[11214],""drug.txt"":[11214],""form.txt"":[11475],""ingred.txt"":[16219],""route.txt"":[13539],""schedule.txt"":[11561],""status.txt"":[44666]}",new_heldout,ophthalmic_or_otic
hc_dpd_0d3f826a312f27ee,heldout,multi_variant,hc_ing_a2a5b49bda546509,18904,"NEURAXPHARM PHARMACEUTICALS, S.L.",BUCCOLAM,"[""106271"",""106272"",""106273"",""106274""]","[""02559579"",""02559587"",""02559595"",""02559609""]","[""11188""]",4,"[""hc_dpd_0d3f826a312f27ee_en"",""hc_dpd_0d3f826a312f27ee_fr""]","{""comp.txt"":[13346,13347,13348,13349],""drug.txt"":[13346,13347,13348,13349],""form.txt"":[13641,13642,13643,13644],""ingred.txt"":[19455,19456,19457,19458],""route.txt"":[15946,15947,15948,15949],""schedule.txt"":[13868,13869,13870,13871],""status.txt"":[49345,49347,49348,49351]}",new_heldout,other
hc_dpd_0e113b73c8dab8be,heldout,single_ingredient,hc_ing_27d719c754aacd49,4489,LEO PHARMA INC,FINACEA,"[""75617""]","[""02270811""]","[""277""]",1,"[""hc_dpd_0e113b73c8dab8be_en"",""hc_dpd_0e113b73c8dab8be_fr""]","{""comp.txt"":[3608],""drug.txt"":[3608],""form.txt"":[3644],""ingred.txt"":[5221],""route.txt"":[4308],""schedule.txt"":[3662],""status.txt"":[19093]}",new_heldout,topical
hc_dpd_0e64b57edf3df6c4,development,multi_variant,hc_ing_6d86b711862a6a0e,3636,APOTEX INC,APO-ALLOPURINOL TABLETS,"[""4302"",""4276"",""4303""]","[""00402796"",""00402818"",""00479799""]","[""9388""]",3,"[""hc_dpd_0e64b57edf3df6c4_en"",""hc_dpd_0e64b57edf3df6c4_fr""]","{""comp.txt"":[345,350,351],""drug.txt"":[345,350,351],""form.txt"":[345,350,351],""ingred.txt"":[498,503,504],""route.txt"":[434,440,441],""schedule.txt"":[345,350,351],""status.txt"":[1864,1886,1892]}",inherited_development,oral
hc_dpd_1189b6a74cab5ab2,development,multi_variant,hc_ing_913de1781a2e4c77,13930,MYLAN PHARMACEUTICALS ULC,MYLAN-VARDENAFIL,"[""95236"",""95239"",""95240""]","[""02464209"",""02464225"",""02464233""]","[""13311""]",3,"[""hc_dpd_1189b6a74cab5ab2_en"",""hc_dpd_1189b6a74cab5ab2_fr""]","{""comp.txt"":[8541,8542,8543],""drug.txt"":[8541,8542,8543],""form.txt"":[8703,8704,8705],""ingred.txt"":[12159,12160,12161],""route.txt"":[10084,10085,10086],""schedule.txt"":[8752,8753,8754],""status.txt"":[37984,37986,37989]}",inherited_development,oral
hc_dpd_147a8cf2a8ead612,heldout,multi_ingredient,hc_ing_29740c563d7e9396,14412,AA PHARMA INC,AA-AMILZIDE,"[""10494""]","[""00784400""]","[""10234"",""20230""]",1,"[""hc_dpd_147a8cf2a8ead612_en"",""hc_dpd_147a8cf2a8ead612_fr""]","{""comp.txt"":[820],""drug.txt"":[820],""form.txt"":[821],""ingred.txt"":[1212,1213],""route.txt"":[975],""schedule.txt"":[820],""status.txt"":[3968]}",new_heldout,oral
hc_dpd_166173fb5f7b5e2a,heldout,multi_ingredient,hc_ing_1b246f8bc9c01ad0,3699,BAXTER CORPORATION,OLIMEL 5.7% E,"[""83779""]","[""02352532""]","[""42"",""49"",""51"",""53"",""897"",""935"",""938"",""939"",""941"",""942"",""943"",""944"",""2963"",""3289"",""4771"",""6627"",""7217"",""8865"",""8872"",""9397"",""9806"",""9927"",""10237"",""10238"",""11968""]",1,"[""hc_dpd_166173fb5f7b5e2a_en"",""hc_dpd_166173fb5f7b5e2a_fr""]","{""comp.txt"":[5122],""drug.txt"":[5122],""form.txt"":[5185],""ingred.txt"":[7373,7374,7375,7376,7377,7378,7379,7380,7381,7382,7383,7384,7385,7386,7387,7388,7389,7390,7391,7392,7393,7394,7395,7396,7397],""route.txt"":[6092],""schedule.txt"":[5216],""status.txt"":[25724]}",new_heldout,parenteral
hc_dpd_1bcde8f71d81c99f,development,multi_ingredient,hc_ing_f80307113f03e780,3893,CHURCH & DWIGHT CANADA CORP,ANUSOL-HC OINTMENT,"[""4389""]","[""00505773""]","[""7531"",""8746""]",1,"[""hc_dpd_1bcde8f71d81c99f_en"",""hc_dpd_1bcde8f71d81c99f_fr""]","{""comp.txt"":[355],""drug.txt"":[355],""form.txt"":[355],""ingred.txt"":[508,509],""route.txt"":[445],""schedule.txt"":[355],""status.txt"":[1945]}",inherited_development,other
hc_dpd_1d9bc02e18f10dac,heldout,multi_ingredient_multi_variant,hc_ing_f2c86002ea7144d5,9985,GLAXOSMITHKLINE INC,BREO ELLIPTA,"[""89362"",""92906""]","[""02408872"",""02444186""]","[""20155"",""22120""]",2,"[""hc_dpd_1d9bc02e18f10dac_en"",""hc_dpd_1d9bc02e18f10dac_fr""]","{""comp.txt"":[6666,7753],""drug.txt"":[6666,7753],""form.txt"":[6759,7893],""ingred.txt"":[9521,9522,11067,11068],""route.txt"":[7850,9124],""schedule.txt"":[6802,7912],""status.txt"":[31569,35689]}",new_heldout,inhaled_or_nasal
hc_dpd_1e9b078da4e50754,heldout,multi_variant,hc_ing_979ee4d48a6d92a0,5241,TARO PHARMACEUTICALS INC,TARO-PERAMPANEL,"[""101174"",""101175"",""101176"",""101177"",""101178"",""101179""]","[""02522632"",""02522640"",""02522659"",""02522667"",""02522675"",""02522683""]","[""22049""]",6,"[""hc_dpd_1e9b078da4e50754_en"",""hc_dpd_1e9b078da4e50754_fr""]","{""comp.txt"":[11281,11282,11283,11284,11285,11286],""drug.txt"":[11281,11282,11283,11284,11285,11286],""form.txt"":[11544,11545,11546,11547,11548,11549],""ingred.txt"":[16330,16331,16332,16333,16334,16335],""route.txt"":[13626,13627,13628,13629,13630,13631],""schedule.txt"":[11636,11637,11638,11639,11640,11641],""status.txt"":[44841,44843,44845,44848,44849,44851]}",new_heldout,oral
hc_dpd_1eb96fee046363ec,heldout,multi_variant,hc_ing_cfb3b4e825d2c758,4908,PFIZER CANADA ULC,LEUCOVORIN CALCIUM INJECTION USP,"[""44265"",""44266""]","[""02182998"",""02183005""]","[""11389""]",2,"[""hc_dpd_1eb96fee046363ec_en"",""hc_dpd_1eb96fee046363ec_fr""]","{""comp.txt"":[2022,2023],""drug.txt"":[2022,2023],""form.txt"":[2040,2041],""ingred.txt"":[3025,3026],""route.txt"":[2418,2419,2420],""schedule.txt"":[2033,2034],""status.txt"":[10870,10885]}",new_heldout,parenteral
hc_dpd_1f28ab1b3d2013d8,heldout,single_ingredient,hc_ing_dccf6929757962e6,5034,LABORATOIRE RIVA INC.,RIVA-CYPROTERONE,"[""88085""]","[""02395797""]","[""7572""]",1,"[""hc_dpd_1f28ab1b3d2013d8_en"",""hc_dpd_1f28ab1b3d2013d8_fr""]","{""comp.txt"":[6305],""drug.txt"":[6305],""form.txt"":[6390],""ingred.txt"":[9050],""route.txt"":[7466],""schedule.txt"":[6425],""status.txt"":[30147]}",new_heldout,oral
hc_dpd_1fb5bb2e71806452,heldout,multi_variant,hc_ing_fc5101a7f55d71e2,14412,AA PHARMA INC,LORAZEPAM SUBLINGUAL,"[""89541"",""89542"",""89543""]","[""02410745"",""02410753"",""02410761""]","[""2300""]",3,"[""hc_dpd_1fb5bb2e71806452_en"",""hc_dpd_1fb5bb2e71806452_fr""]","{""comp.txt"":[6720,6721,6722],""drug.txt"":[6720,6721,6722],""form.txt"":[6814,6815,6816],""ingred.txt"":[9611,9612,9613],""route.txt"":[7917,7918,7919],""schedule.txt"":[6856,6857,6858],""status.txt"":[31789,31794,31799]}",new_heldout,other
hc_dpd_1fc393aea185226a,heldout,single_ingredient,hc_ing_4a01ae2c6a180114,4901,PRO DOC LIMITEE,PRO-AMOX-250,"[""6511""]","[""00644331""]","[""11101""]",1,"[""hc_dpd_1fc393aea185226a_en"",""hc_dpd_1fc393aea185226a_fr""]","{""comp.txt"":[544],""drug.txt"":[544],""form.txt"":[545],""ingred.txt"":[783],""route.txt"":[655],""schedule.txt"":[544],""status.txt"":[2767]}",new_heldout,oral
hc_dpd_1ff79e23c0fc864c,heldout,multi_ingredient,hc_ing_1844b8d2d0cbad0b,16555,FRESENIUS KABI CANADA LTD,ESSEPNA,"[""99955""]","[""02510324""]","[""1366"",""2963"",""7217"",""8865"",""9396"",""9750"",""9806"",""9927"",""9928"",""9929"",""10223"",""10237"",""10238"",""10239"",""10242"",""10243""]",1,"[""hc_dpd_1ff79e23c0fc864c_en"",""hc_dpd_1ff79e23c0fc864c_fr""]","{""comp.txt"":[10740],""drug.txt"":[10740],""form.txt"":[10976],""ingred.txt"":[15540,15541,15542,15543,15544,15545,15546,15547,15548,15549,15550,15551,15552,15553,15554,15555],""route.txt"":[12893],""schedule.txt"":[11066],""status.txt"":[43595]}",new_heldout,parenteral
hc_dpd_20ce7b41df2fae3e,heldout,multi_ingredient,hc_ing_2c0ed1bed8275b59,15353,ABBVIE CORPORATION,COMBIGAN,"[""72692""]","[""02248347""]","[""11163"",""11710""]",1,"[""hc_dpd_20ce7b41df2fae3e_en"",""hc_dpd_20ce7b41df2fae3e_fr""]","{""comp.txt"":[3206],""drug.txt"":[3206],""form.txt"":[3234],""ingred.txt"":[4608,4609],""route.txt"":[3843],""schedule.txt"":[3246],""status.txt"":[17175]}",new_heldout,ophthalmic_or_otic
hc_dpd_2194fc7443af5833,heldout,multi_ingredient,hc_ing_0a76ea95085e2168,14318,TEVA CANADA LIMITED,TEVA-COMBO STERINEBS,"[""75820""]","[""02272695""]","[""1945"",""2585""]",1,"[""hc_dpd_2194fc7443af5833_en"",""hc_dpd_2194fc7443af5833_fr""]","{""comp.txt"":[3637],""drug.txt"":[3637],""form.txt"":[3676],""ingred.txt"":[5272,5273],""route.txt"":[4346],""schedule.txt"":[3696],""status.txt"":[19240]}",new_heldout,inhaled_or_nasal
hc_dpd_2283d1d761151d50,heldout,single_ingredient,hc_ing_f2bdda2192b2a979,4174,FERRING INC,CERVIDIL,"[""50327""]","[""02231047""]","[""2161""]",1,"[""hc_dpd_2283d1d761151d50_en"",""hc_dpd_2283d1d761151d50_fr""]","{""comp.txt"":[2155],""drug.txt"":[2155],""form.txt"":[2174],""ingred.txt"":[3193],""route.txt"":[2578],""schedule.txt"":[2166],""status.txt"":[11614]}",new_heldout,other
hc_dpd_228add779c9af494,heldout,multi_ingredient_multi_variant,hc_ing_bcd243992984740c,12027,SANDOZ CANADA INCORPORATED,SANDOZ SACUBITRIL-VALSARTAN,"[""103789"",""103790"",""103791""]","[""02549018"",""02549026"",""02549034""]","[""11702"",""22647""]",3,"[""hc_dpd_228add779c9af494_en"",""hc_dpd_228add779c9af494_fr""]","{""comp.txt"":[12810,12811,12812],""drug.txt"":[12810,12811,12812],""form.txt"":[13099,13100,13101],""ingred.txt"":[18590,18591,18592,18593,18594,18595],""route.txt"":[15374,15375,15376],""schedule.txt"":[13279,13280,13281],""status.txt"":[48218,48221,48223]}",new_heldout,oral
hc_dpd_235be5d7ff12a27b,heldout,multi_ingredient,hc_ing_de1c8e9af47f2666,13930,MYLAN PHARMACEUTICALS ULC,MYLAN-LATANOPROST/TIMOLOL,"[""85818""]","[""02373068""]","[""11163"",""11458""]",1,"[""hc_dpd_235be5d7ff12a27b_en"",""hc_dpd_235be5d7ff12a27b_fr""]","{""comp.txt"":[5665],""drug.txt"":[5665],""form.txt"":[5739],""ingred.txt"":[8181,8182],""route.txt"":[6726],""schedule.txt"":[5767],""status.txt"":[27693]}",new_heldout,ophthalmic_or_otic
hc_dpd_24af59cf1b318c7c,heldout,multi_variant,hc_ing_db6b1352e51cad31,17575,"BAUSCH HEALTH, CANADA INC.",ARISTOCORT R,"[""35783"",""35784""]","[""02194031"",""02194058""]","[""7588""]",2,"[""hc_dpd_24af59cf1b318c7c_en"",""hc_dpd_24af59cf1b318c7c_fr""]","{""comp.txt"":[1777,1778],""drug.txt"":[1777,1778],""form.txt"":[1790,1791],""ingred.txt"":[2692,2693],""route.txt"":[2108,2109],""schedule.txt"":[1786,1787],""status.txt"":[9188,9198]}",new_heldout,topical
hc_dpd_268d626d3b81a1d2,heldout,single_ingredient,hc_ing_f45359f69577b469,4908,PFIZER CANADA ULC,TORISEL,"[""78941""]","[""02304104""]","[""20180""]",1,"[""hc_dpd_268d626d3b81a1d2_en"",""hc_dpd_268d626d3b81a1d2_fr""]","{""comp.txt"":[4243],""drug.txt"":[4243],""form.txt"":[4288],""ingred.txt"":[6075],""route.txt"":[5055],""schedule.txt"":[4311],""status.txt"":[22014]}",new_heldout,parenteral
hc_dpd_28787c405835368e,development,single_ingredient,hc_ing_1d14f0f98b10889e,14256,ANGITA PHARMA INC.,AG-VITAMINE D TABLETS,"[""98866""]","[""02498944""]","[""4922""]",1,"[""hc_dpd_28787c405835368e_en"",""hc_dpd_28787c405835368e_fr""]","{""comp.txt"":[10223],""drug.txt"":[10223],""form.txt"":[10439],""ingred.txt"":[14737],""route.txt"":[12101],""schedule.txt"":[10525],""status.txt"":[42286]}",inherited_development,oral
hc_dpd_29a700a30cc8e32a,heldout,multi_ingredient,hc_ing_4202032740750371,17859,ORGANON CANADA INC.,MARVELON 21,"[""14354""]","[""02042487""]","[""660"",""7426""]",1,"[""hc_dpd_29a700a30cc8e32a_en"",""hc_dpd_29a700a30cc8e32a_fr""]","{""comp.txt"":[1211],""drug.txt"":[1211],""form.txt"":[1213],""ingred.txt"":[1809,1810],""route.txt"":[1436],""schedule.txt"":[1214],""status.txt"":[6048]}",new_heldout,oral
hc_dpd_2a0bd77c65e44142,heldout,multi_ingredient_multi_variant,hc_ing_55887f74f8d74465,3550,PHARMASCIENCE INC,PMS-BUPRENORPHINE-NALOXONE,"[""90952"",""90953""]","[""02424851"",""02424878""]","[""12033"",""20137""]",2,"[""hc_dpd_2a0bd77c65e44142_en"",""hc_dpd_2a0bd77c65e44142_fr""]","{""comp.txt"":[7164,7165],""drug.txt"":[7164,7165],""form.txt"":[7274,7275],""ingred.txt"":[10206,10207,10208,10209],""route.txt"":[8415,8416],""schedule.txt"":[7313,7314],""status.txt"":[33496,33501]}",new_heldout,other
hc_dpd_2a0ff0f0f24451ad,heldout,single_ingredient,hc_ing_670671cd97404156,4901,PRO DOC LIMITEE,PRO-ANASTROZOLE,"[""88072""]","[""02395649""]","[""27""]",1,"[""hc_dpd_2a0ff0f0f24451ad_en"",""hc_dpd_2a0ff0f0f24451ad_fr""]","{""comp.txt"":[6304],""drug.txt"":[6304],""form.txt"":[6389],""ingred.txt"":[9049],""route.txt"":[7465],""schedule.txt"":[6424],""status.txt"":[30143]}",new_heldout,oral
hc_dpd_2a5909736dbc1762,heldout,multi_ingredient,hc_ing_be0f88aef41354f1,5034,LABORATOIRE RIVA INC.,TRIANAL TABLET,"[""23671""]","[""01971409""]","[""150"",""8231"",""9358""]",1,"[""hc_dpd_2a5909736dbc1762_en"",""hc_dpd_2a5909736dbc1762_fr""]","{""comp.txt"":[1725],""drug.txt"":[1725],""form.txt"":[1737],""ingred.txt"":[2604,2605,2606],""route.txt"":[2037],""schedule.txt"":[1734],""status.txt"":[8882]}",new_heldout,oral
hc_dpd_2b59829c4fadd7cf,heldout,multi_variant,hc_ing_1a72b1e6fb7a12b1,3636,APOTEX INC,APO-TERAZOSIN,"[""55839"",""55840"",""55841"",""55842""]","[""02234502"",""02234503"",""02234504"",""02234505""]","[""11368""]",4,"[""hc_dpd_2b59829c4fadd7cf_en"",""hc_dpd_2b59829c4fadd7cf_fr""]","{""comp.txt"":[2228,2229,2230,2231],""drug.txt"":[2228,2229,2230,2231],""form.txt"":[2249,2250,2251,2252],""ingred.txt"":[3276,3277,3278,3279],""route.txt"":[2668,2669,2670,2671],""schedule.txt"":[2245,2246,2247,2248],""status.txt"":[12073,12074,12082,12084]}",new_heldout,oral
hc_dpd_2c2174190b036b5a,development,single_ingredient,hc_ing_d865ced9f5605e91,3550,PHARMASCIENCE INC,MAXIMUM STRENGTH ACID REDUCER WITHOUT PRESCRIPTION,"[""77884""]","[""02293471""]","[""11096""]",1,"[""hc_dpd_2c2174190b036b5a_en"",""hc_dpd_2c2174190b036b5a_fr""]","{""comp.txt"":[4015],""drug.txt"":[4015],""form.txt"":[4055],""ingred.txt"":[5781],""route.txt"":[4792],""schedule.txt"":[4081],""status.txt"":[20983]}",inherited_development,oral
hc_dpd_2c9dc4ef26788746,heldout,multi_ingredient,hc_ing_823be9f97186c3c7,15812,CHEPLAPHARM ARZNEIMITTEL GMBH,SOFRACORT,"[""37363""]","[""02224623""]","[""7600"",""8523"",""8626""]",1,"[""hc_dpd_2c9dc4ef26788746_en"",""hc_dpd_2c9dc4ef26788746_fr""]","{""comp.txt"":[1821],""drug.txt"":[1821],""form.txt"":[1834],""ingred.txt"":[2761,2762,2763],""route.txt"":[2167,2168],""schedule.txt"":[1830],""status.txt"":[9508]}",new_heldout,ophthalmic_or_otic
hc_dpd_2d463d6526a1946c,heldout,multi_ingredient,hc_ing_dffcfe07b5600526,5096,SERVIER CANADA INC,COVERSYL PLUS HD,"[""80705""]","[""02321653""]","[""232"",""1960""]",1,"[""hc_dpd_2d463d6526a1946c_en"",""hc_dpd_2d463d6526a1946c_fr""]","{""comp.txt"":[4637],""drug.txt"":[4637],""form.txt"":[4685],""ingred.txt"":[6583,6584],""route.txt"":[5494],""schedule.txt"":[4711],""status.txt"":[23740]}",new_heldout,oral
hc_dpd_2dcb457e633b3402,development,multi_ingredient,hc_ing_9cc84de246f185b6,14255,VIIV HEALTHCARE ULC,JULUCA,"[""96645""]","[""02475774""]","[""20874"",""21556""]",1,"[""hc_dpd_2dcb457e633b3402_en"",""hc_dpd_2dcb457e633b3402_fr""]","{""comp.txt"":[9087],""drug.txt"":[9087],""form.txt"":[9262],""ingred.txt"":[12886,12887],""route.txt"":[10762],""schedule.txt"":[9328],""status.txt"":[39421]}",inherited_development,oral
hc_dpd_2debe1fde5169583,heldout,single_ingredient,hc_ing_cfa861ad68d517e8,12538,SANOFI-AVENTIS CANADA INC,CERDELGA,"[""95117""]","[""02463261""]","[""22865""]",1,"[""hc_dpd_2debe1fde5169583_en"",""hc_dpd_2debe1fde5169583_fr""]","{""comp.txt"":[8517],""drug.txt"":[8517],""form.txt"":[8678],""ingred.txt"":[12115],""route.txt"":[10046],""schedule.txt"":[8727],""status.txt"":[37907]}",new_heldout,oral
hc_dpd_2f1032fed841f093,heldout,single_ingredient,hc_ing_efb7f7ac6a4803e4,3550,PHARMASCIENCE INC,PHARMA-LEVETIRACETAM,"[""100470""]","[""02515318""]","[""13107""]",1,"[""hc_dpd_2f1032fed841f093_en"",""hc_dpd_2f1032fed841f093_fr""]","{""comp.txt"":[10942],""drug.txt"":[10942],""form.txt"":[11191],""ingred.txt"":[15838],""route.txt"":[13193],""schedule.txt"":[11277],""status.txt"":[44046]}",new_heldout,oral
hc_dpd_2fc21f129a5c9b0a,development,single_ingredient,hc_ing_ae7203b85390a3fc,18064,INCYTE CORPORATION,ZYNYZ,"[""104399""]","[""02555239""]","[""24054""]",1,"[""hc_dpd_2fc21f129a5c9b0a_en"",""hc_dpd_2fc21f129a5c9b0a_fr""]","{""comp.txt"":[13174],""drug.txt"":[13174],""form.txt"":[13468],""ingred.txt"":[19170],""route.txt"":[15764],""schedule.txt"":[13679,13680],""status.txt"":[48979]}",inherited_development,parenteral
hc_dpd_2fe14322c950fead,heldout,single_ingredient,hc_ing_b171875a25de1c92,4415,JAMP PHARMA CORPORATION,JAMP IBUPROFEN SUSPENSION,"[""104264""]","[""02553724""]","[""2609""]",1,"[""hc_dpd_2fe14322c950fead_en"",""hc_dpd_2fe14322c950fead_fr""]","{""comp.txt"":[13089],""drug.txt"":[13089],""form.txt"":[13382],""ingred.txt"":[19046],""route.txt"":[15673],""schedule.txt"":[13583],""status.txt"":[48804]}",new_heldout,oral
hc_dpd_30aba3a7347bf952,development,single_ingredient,hc_ing_55fdec963805de59,4415,JAMP PHARMA CORPORATION,JAMP AMIODARONE,"[""102093""]","[""02531844""]","[""1400""]",1,"[""hc_dpd_30aba3a7347bf952_en"",""hc_dpd_30aba3a7347bf952_fr""]","{""comp.txt"":[11803],""drug.txt"":[11803],""form.txt"":[12071],""ingred.txt"":[17101],""route.txt"":[14228],""schedule.txt"":[12204],""status.txt"":[46015]}",inherited_development,oral
hc_dpd_3188d041219430c6,development,single_ingredient,hc_ing_aaf01d71b55e51b1,7603,G POHL-BOSKAMP GMBH & CO KG,NYDA,"[""85900""]","[""02373785""]","[""433""]",1,"[""hc_dpd_3188d041219430c6_en"",""hc_dpd_3188d041219430c6_fr""]","{""comp.txt"":[5670],""drug.txt"":[5670],""form.txt"":[5744],""ingred.txt"":[8188],""route.txt"":[6731],""schedule.txt"":[5772],""status.txt"":[27711]}",inherited_development,topical
hc_dpd_31b576037946a679,heldout,multi_ingredient_multi_variant,hc_ing_94e01b25ec4f7ab2,3617,BOEHRINGER INGELHEIM (CANADA) LTD LTEE,JENTADUETO,"[""88807"",""88808"",""88809""]","[""02403250"",""02403269"",""02403277""]","[""10147"",""20882""]",3,"[""hc_dpd_31b576037946a679_en"",""hc_dpd_31b576037946a679_fr""]","{""comp.txt"":[6499,6500,6501],""drug.txt"":[6499,6500,6501],""form.txt"":[6589,6590,6591],""ingred.txt"":[9312,9313,9314,9315,9316,9317],""route.txt"":[7667,7668,7669],""schedule.txt"":[6633,6634,6635],""status.txt"":[30891,30893,30895]}",new_heldout,oral
hc_dpd_32f64d7617d42b75,development,single_ingredient,hc_ing_edd6c3433400ad27,22045,BEONE MEDICINES I GMBH,TEVIMBRA,"[""106674""]","[""02564009""]","[""27120""]",1,"[""hc_dpd_32f64d7617d42b75_en"",""hc_dpd_32f64d7617d42b75_fr""]","{""comp.txt"":[13486],""drug.txt"":[13486],""form.txt"":[13782],""ingred.txt"":[19641],""route.txt"":[16095],""schedule.txt"":[14036,14037],""status.txt"":[49638]}",inherited_development,parenteral
hc_dpd_3367aa9c34fe4f59,heldout,multi_ingredient,hc_ing_315221717fe2560c,19032,HALEON CANADA ULC,ROBAX PLATINUM,"[""71388""]","[""02247147""]","[""2609"",""6340""]",1,"[""hc_dpd_3367aa9c34fe4f59_en"",""hc_dpd_3367aa9c34fe4f59_fr""]","{""comp.txt"":[3092],""drug.txt"":[3092],""form.txt"":[3120],""ingred.txt"":[4441,4442],""route.txt"":[3704],""schedule.txt"":[3130],""status.txt"":[16665]}",new_heldout,oral
hc_dpd_34379d6cd1a7c44d,heldout,multi_variant,hc_ing_b1537e61106f66d8,17575,"BAUSCH HEALTH, CANADA INC.",VITAMIN A ACID,"[""12753"",""12754"",""12544""]","[""01926462"",""01926470"",""01926489""]","[""5054""]",3,"[""hc_dpd_34379d6cd1a7c44d_en"",""hc_dpd_34379d6cd1a7c44d_fr""]","{""comp.txt"":[1020,1041,1042],""drug.txt"":[1020,1041,1042],""form.txt"":[1021,1042,1043],""ingred.txt"":[1506,1538,1539],""route.txt"":[1202,1226,1227],""schedule.txt"":[1022,1043,1044],""status.txt"":[4960,5111,5118]}",new_heldout,topical
hc_dpd_3444753169ab6d21,heldout,single_ingredient,hc_ing_2e8640e8bf8a5546,3550,PHARMASCIENCE INC,PMS-ALENDRONATE-FC,"[""76957""]","[""02284006""]","[""13353""]",1,"[""hc_dpd_3444753169ab6d21_en"",""hc_dpd_3444753169ab6d21_fr""]","{""comp.txt"":[3856],""drug.txt"":[3856],""form.txt"":[3895],""ingred.txt"":[5581],""route.txt"":[4598],""schedule.txt"":[3918],""status.txt"":[20201]}",new_heldout,oral
hc_dpd_348ddc0d132b3c19,heldout,multi_variant,hc_ing_9b1267cb48c31f6c,12027,SANDOZ CANADA INCORPORATED,HYRIMOZ,"[""98214"",""98215"",""99460"",""103089"",""103090"",""103091"",""103092"",""103093""]","[""02492156"",""02492164"",""02505258"",""02542315"",""02542323"",""02542331"",""02542358"",""02542366""]","[""13356""]",8,"[""hc_dpd_348ddc0d132b3c19_en"",""hc_dpd_348ddc0d132b3c19_fr""]","{""comp.txt"":[9849,9850,10498,12438,12439,12440,12441,12442],""drug.txt"":[9849,9850,10498,12438,12439,12440,12441,12442],""form.txt"":[10048,10049,10726,12712,12713,12714,12715,12716],""ingred.txt"":[14033,14034,15191,18079,18080,18081,18082,18083],""route.txt"":[11651,11652,12535,14931,14932,14933,14934,14935],""schedule.txt"":[10128,10129,10130,10131,10811,10812,12875,12876,12877,12878,12879,12880,12881,12882,12883,12884],""status.txt"":[41403,41405,43005,47416,47418,47420,47423,47424]}",new_heldout,parenteral
hc_dpd_368497cc07261e3e,development,multi_variant,hc_ing_c54f7962ea40c9b6,15130,SIVEM PHARMACEUTICALS ULC,ATOMOXETINE,"[""93116"",""93118"",""93120"",""93121"",""93122""]","[""02445883"",""02445905"",""02445913"",""02445948"",""02445956""]","[""13584""]",5,"[""hc_dpd_368497cc07261e3e_en"",""hc_dpd_368497cc07261e3e_fr""]","{""comp.txt"":[7809,7810,7811,7812,7813],""drug.txt"":[7809,7810,7811,7812,7813],""form.txt"":[7951,7952,7953,7954,7955],""ingred.txt"":[11136,11137,11138,11139,11140],""route.txt"":[9181,9182,9183,9184,9185],""schedule.txt"":[7975,7976,7977,7978,7979],""status.txt"":[35867,35869,35871,35873,35875]}",inherited_development,oral
hc_dpd_3c01f49c29f6efaf,heldout,multi_ingredient_multi_variant,hc_ing_bf5534921fbd2d0a,7277,NOVARTIS PHARMACEUTICALS CANADA INC,MAXITROL,"[""259"",""2423""]","[""00042676"",""00358177""]","[""7600"",""8519"",""8638""]",2,"[""hc_dpd_3c01f49c29f6efaf_en"",""hc_dpd_3c01f49c29f6efaf_fr""]","{""comp.txt"":[21,192],""drug.txt"":[21,192],""form.txt"":[21,192],""ingred.txt"":[29,30,31,289,290,291],""route.txt"":[31,246],""schedule.txt"":[21,192],""status.txt"":[134,1187]}",new_heldout,ophthalmic_or_otic
hc_dpd_3c7a02c6dfa581f0,development,multi_variant,hc_ing_aa9123854bb529dc,17807,MEDISON PHARMA CANADA INC.,TAVALISSE,"[""99741"",""99742""]","[""02508052"",""02508060""]","[""23528""]",2,"[""hc_dpd_3c7a02c6dfa581f0_en"",""hc_dpd_3c7a02c6dfa581f0_fr""]","{""comp.txt"":[10656,10657],""drug.txt"":[10656,10657],""form.txt"":[10889,10890],""ingred.txt"":[15407,15408],""route.txt"":[12767,12768],""schedule.txt"":[10977,10978],""status.txt"":[43388,43397]}",inherited_development,oral
hc_dpd_3f2e211bc2a89417,heldout,single_ingredient,hc_ing_ed916867d24b6da5,12428,SANOFI VACCINES CANADA LTD.,TYPHIM VI,"[""20287""]","[""02130955""]","[""23919""]",1,"[""hc_dpd_3f2e211bc2a89417_en"",""hc_dpd_3f2e211bc2a89417_fr""]","{""comp.txt"":[1706],""drug.txt"":[1706],""form.txt"":[1716],""ingred.txt"":[2555],""route.txt"":[2018],""schedule.txt"":[1715],""status.txt"":[8801]}",new_heldout,parenteral
hc_dpd_3fe6fc58ec7db3c7,heldout,multi_ingredient,hc_ing_dbc6cbef70f330f4,17447,ARALEZ PHARMACEUTICALS CANADA INC,SUVEXX,"[""98619""]","[""02496305""]","[""2037"",""11323""]",1,"[""hc_dpd_3fe6fc58ec7db3c7_en"",""hc_dpd_3fe6fc58ec7db3c7_fr""]","{""comp.txt"":[10077],""drug.txt"":[10077],""form.txt"":[10280],""ingred.txt"":[14433,14434],""route.txt"":[11902],""schedule.txt"":[10366],""status.txt"":[41922]}",new_heldout,oral
hc_dpd_404d5e5f8b35ead7,heldout,multi_variant,hc_ing_bd967167b9a70cc5,14318,TEVA CANADA LIMITED,TEVA-FUROSEMIDE,"[""2333"",""2447"",""9240""]","[""00337730"",""00337749"",""00765953""]","[""10091""]",3,"[""hc_dpd_404d5e5f8b35ead7_en"",""hc_dpd_404d5e5f8b35ead7_fr""]","{""comp.txt"":[186,197,692],""drug.txt"":[186,197,692],""form.txt"":[186,197,693],""ingred.txt"":[283,296,1007],""route.txt"":[240,251,830],""schedule.txt"":[186,197,692],""status.txt"":[1171,1205,3388]}",new_heldout,oral
hc_dpd_409450f45758e5d1,heldout,multi_ingredient_multi_variant,hc_ing_da53d444eb18949a,14765,VERTEX PHARMACEUTICALS (CANADA) INCORPORATED,ALYFTREK,"[""106280"",""106281""]","[""02559676"",""02559684""]","[""22963"",""27074"",""27075""]",2,"[""hc_dpd_409450f45758e5d1_en"",""hc_dpd_409450f45758e5d1_fr""]","{""comp.txt"":[13352,13353],""drug.txt"":[13352,13353],""form.txt"":[13647,13648],""ingred.txt"":[19461,19462,19463,19464,19465,19466],""route.txt"":[15952,15953],""schedule.txt"":[13876,13877],""status.txt"":[49357,49358]}",new_heldout,oral
hc_dpd_412627fe43ba7d28,heldout,single_ingredient,hc_ing_97b254669d27308b,7054,PURDUE PHARMA,BUTRANS 15,"[""93692""]","[""02450771""]","[""12033""]",1,"[""hc_dpd_412627fe43ba7d28_en"",""hc_dpd_412627fe43ba7d28_fr""]","{""comp.txt"":[7971],""drug.txt"":[7971],""form.txt"":[8118],""ingred.txt"":[11388],""route.txt"":[9395],""schedule.txt"":[8150],""status.txt"":[36343]}",new_heldout,topical
hc_dpd_432d18d1cd566f25,heldout,single_ingredient,hc_ing_cae3f7b56d4186a5,16043,CELLTRION INC.,OSENVELT,"[""106391""]","[""02560895""]","[""20570""]",1,"[""hc_dpd_432d18d1cd566f25_en"",""hc_dpd_432d18d1cd566f25_fr""]","{""comp.txt"":[13394],""drug.txt"":[13394],""form.txt"":[13690],""ingred.txt"":[19526],""route.txt"":[16002],""schedule.txt"":[13920,13921],""status.txt"":[49443]}",new_heldout,parenteral
hc_dpd_440415d12c2fa7ad,heldout,multi_ingredient,hc_ing_dc243d3cdf2c703c,13221,MINT PHARMACEUTICALS INC,MINT-LOSARTAN/HCTZ DS,"[""87517""]","[""02389673""]","[""144"",""10234""]",1,"[""hc_dpd_440415d12c2fa7ad_en"",""hc_dpd_440415d12c2fa7ad_fr""]","{""comp.txt"":[6117],""drug.txt"":[6117],""form.txt"":[6201],""ingred.txt"":[8815,8816],""route.txt"":[7239],""schedule.txt"":[6224],""status.txt"":[29494]}",new_heldout,oral
hc_dpd_4424763b3d592f0f,heldout,multi_ingredient,hc_ing_43a2e95d8538a704,9307,ASTRAZENECA CANADA INC,SYMBICORT 100 TURBUHALER,"[""69428""]","[""02245385""]","[""7581"",""12633""]",1,"[""hc_dpd_4424763b3d592f0f_en"",""hc_dpd_4424763b3d592f0f_fr""]","{""comp.txt"":[2924],""drug.txt"":[2924],""form.txt"":[2951],""ingred.txt"":[4207,4208],""route.txt"":[3498],""schedule.txt"":[2958],""status.txt"":[15803]}",new_heldout,inhaled_or_nasal
hc_dpd_45de65f9755d7284,heldout,multi_ingredient,hc_ing_9481ef33d24665a1,7259,JANSSEN INC,SYMTUZA,"[""96312""]","[""02473720""]","[""16516"",""19793"",""21508"",""22668""]",1,"[""hc_dpd_45de65f9755d7284_en"",""hc_dpd_45de65f9755d7284_fr""]","{""comp.txt"":[8994],""drug.txt"":[8994],""form.txt"":[9168],""ingred.txt"":[12764,12765,12766,12767],""route.txt"":[10646],""schedule.txt"":[9229],""status.txt"":[39211]}",new_heldout,oral
hc_dpd_46280a20ce82b416,heldout,single_ingredient,hc_ing_bff52e315911841f,17380,NORA PHARMA INC,NRA-DUTASTERIDE,"[""98062""]","[""02490587""]","[""12580""]",1,"[""hc_dpd_46280a20ce82b416_en"",""hc_dpd_46280a20ce82b416_fr""]","{""comp.txt"":[9763],""drug.txt"":[9763],""form.txt"":[9960],""ingred.txt"":[13896],""route.txt"":[11558],""schedule.txt"":[10040],""status.txt"":[41217]}",new_heldout,oral
hc_dpd_46430cebbd4495a4,heldout,multi_ingredient_multi_variant,hc_ing_0884cb5fda589563,3699,BAXTER CORPORATION,TISSEEL,"[""81147"",""81151""]","[""02326132"",""02326175""]","[""51"",""11564"",""20461"",""20462""]",2,"[""hc_dpd_46430cebbd4495a4_en"",""hc_dpd_46430cebbd4495a4_fr""]","{""comp.txt"":[4733,4735],""drug.txt"":[4733,4735],""form.txt"":[4782,4784],""ingred.txt"":[6715,6716,6717,6718,6723,6724,6725,6726],""route.txt"":[5617,5619],""schedule.txt"":[4815,4816,4819,4820],""status.txt"":[24078,24090]}",new_heldout,topical
hc_dpd_467237d19b6080fa,development,multi_ingredient,hc_ing_94bc8e2a2653e734,12428,SANOFI VACCINES CANADA LTD.,ADACEL,"[""63789""]","[""02240255""]","[""17"",""19"",""20"",""7935"",""7941"",""20594""]",1,"[""hc_dpd_467237d19b6080fa_en"",""hc_dpd_467237d19b6080fa_fr""]","{""comp.txt"":[2452],""drug.txt"":[2452],""form.txt"":[2477],""ingred.txt"":[3579,3580,3581,3582,3583,3584],""route.txt"":[2921],""schedule.txt"":[2473],""status.txt"":[13476]}",inherited_development,parenteral
hc_dpd_46a558ac1490e5e4,heldout,multi_ingredient,hc_ing_72e126d4d78331cb,5034,LABORATOIRE RIVA INC.,TRIATEC-30,"[""9626""]","[""00789828""]","[""270"",""9131""]",1,"[""hc_dpd_46a558ac1490e5e4_en"",""hc_dpd_46a558ac1490e5e4_fr""]","{""comp.txt"":[731],""drug.txt"":[731],""form.txt"":[732],""ingred.txt"":[1068,1069],""route.txt"":[871],""schedule.txt"":[731],""status.txt"":[3550]}",new_heldout,oral
hc_dpd_46cd8e6f46b033b3,heldout,multi_variant,hc_ing_385ad5955fc20f7f,3550,PHARMASCIENCE INC,PMS-SALBUTAMOL,"[""19763"",""19762"",""19761""]","[""02208229"",""02208237"",""02208245""]","[""2585""]",3,"[""hc_dpd_46cd8e6f46b033b3_en"",""hc_dpd_46cd8e6f46b033b3_fr""]","{""comp.txt"":[1647,1648,1649],""drug.txt"":[1647,1648,1649],""form.txt"":[1656,1657,1658],""ingred.txt"":[2426,2427,2428],""route.txt"":[1951,1952,1953],""schedule.txt"":[1654,1655,1656],""status.txt"":[8521,8524,8528]}",new_heldout,inhaled_or_nasal
hc_dpd_4741de91bc2d979c,heldout,multi_ingredient_multi_variant,hc_ing_bc9be33d480a0d2c,13930,MYLAN PHARMACEUTICALS ULC,WIXELA INHUB,"[""98549"",""98550"",""98551""]","[""02495597"",""02495600"",""02495619""]","[""637"",""11282""]",3,"[""hc_dpd_4741de91bc2d979c_en"",""hc_dpd_4741de91bc2d979c_fr""]","{""comp.txt"":[10039,10040,10041],""drug.txt"":[10039,10040,10041],""form.txt"":[10240,10241,10242],""ingred.txt"":[14375,14376,14377,14378,14379,14380],""route.txt"":[11853,11854,11855],""schedule.txt"":[10326,10327,10328],""status.txt"":[41833,41835,41837]}",new_heldout,inhaled_or_nasal
hc_dpd_47916090b794838b,heldout,multi_ingredient,hc_ing_e709e053276e8552,9307,ASTRAZENECA CANADA INC,KOMBOGLYZE,"[""87468""]","[""02389177""]","[""10147"",""20524""]",1,"[""hc_dpd_47916090b794838b_en"",""hc_dpd_47916090b794838b_fr""]","{""comp.txt"":[6106],""drug.txt"":[6106],""form.txt"":[6190],""ingred.txt"":[8800,8801],""route.txt"":[7228],""schedule.txt"":[6213],""status.txt"":[29445]}",new_heldout,oral
hc_dpd_486e43c7e5c72b57,development,multi_ingredient,hc_ing_c00644b380348395,19252,AFT PHARMACEUTICALS (CAN) LIMITED,COMBOGESIC,"[""97838""]","[""02488280""]","[""270"",""2609""]",1,"[""hc_dpd_486e43c7e5c72b57_en"",""hc_dpd_486e43c7e5c72b57_fr""]","{""comp.txt"":[9649],""drug.txt"":[9649],""form.txt"":[9844],""ingred.txt"":[13705,13706],""route.txt"":[11424],""schedule.txt"":[9923],""status.txt"":[40918]}",inherited_development,oral
hc_dpd_49b68db942d82cfc,heldout,multi_variant,hc_ing_e4949ad1592d6693,4908,PFIZER CANADA ULC,ZYVOXAM,"[""67615"",""67616""]","[""02243685"",""02243686""]","[""12110""]",2,"[""hc_dpd_49b68db942d82cfc_en"",""hc_dpd_49b68db942d82cfc_fr""]","{""comp.txt"":[2785,2786],""drug.txt"":[2785,2786],""form.txt"":[2812,2813],""ingred.txt"":[4036,4037],""route.txt"":[3339,3340],""schedule.txt"":[2815,2816],""status.txt"":[15096,15102]}",new_heldout,parenteral
hc_dpd_4cf7b981f2157766,heldout,single_ingredient,hc_ing_67c3df4c5d05a245,8892,STERIMAX INC,HYDROMORPHONE HYDROCHLORIDE INJECTION,"[""94803""]","[""02460602""]","[""20280""]",1,"[""hc_dpd_4cf7b981f2157766_en"",""hc_dpd_4cf7b981f2157766_fr""]","{""comp.txt"":[8389],""drug.txt"":[8389],""form.txt"":[8549],""ingred.txt"":[11938],""route.txt"":[9897,9898,9899],""schedule.txt"":[8594],""status.txt"":[37498]}",new_heldout,parenteral
hc_dpd_50ba913cab318fd3,heldout,multi_variant,hc_ing_bc1b62ebf83894d6,14236,SANIS HEALTH INC,CLINDAMYCIN,"[""88532"",""88533""]","[""02400529"",""02400537""]","[""8551""]",2,"[""hc_dpd_50ba913cab318fd3_en"",""hc_dpd_50ba913cab318fd3_fr""]","{""comp.txt"":[6421,6422],""drug.txt"":[6421,6422],""form.txt"":[6507,6508],""ingred.txt"":[9198,9199],""route.txt"":[7584,7585],""schedule.txt"":[6541,6542],""status.txt"":[30606,30619]}",new_heldout,oral
hc_dpd_5177081c7878e167,heldout,single_ingredient,hc_ing_dd7454c87e9e5773,11979,AURO PHARMA INC,AURO-INDOMETHACIN,"[""98897""]","[""02499223""]","[""10126""]",1,"[""hc_dpd_5177081c7878e167_en"",""hc_dpd_5177081c7878e167_fr""]","{""comp.txt"":[10237],""drug.txt"":[10237],""form.txt"":[10453],""ingred.txt"":[14763],""route.txt"":[12126],""schedule.txt"":[10539],""status.txt"":[42323]}",new_heldout,oral
hc_dpd_524f46556d9e7ecb,development,multi_variant,hc_ing_e635f3b6fa5d5abb,15130,SIVEM PHARMACEUTICALS ULC,QUETIAPINE,"[""80341"",""80342"",""80344"",""80345""]","[""02317893"",""02317907"",""02317923"",""02317931""]","[""11718""]",4,"[""hc_dpd_524f46556d9e7ecb_en"",""hc_dpd_524f46556d9e7ecb_fr""]","{""comp.txt"":[4560,4561,4562,4563],""drug.txt"":[4560,4561,4562,4563],""form.txt"":[4607,4608,4609,4610],""ingred.txt"":[6479,6480,6481,6482],""route.txt"":[5408,5409,5410,5411],""schedule.txt"":[4630,4631,4632,4633],""status.txt"":[23421,23435,23453,23463]}",inherited_development,oral
hc_dpd_531bcafc30536276,heldout,multi_variant,hc_ing_725e4ccd3e2518d5,12027,SANDOZ CANADA INCORPORATED,SANDOZ TIMOLOL,"[""19252"",""19242""]","[""02166712"",""02166720""]","[""11163""]",2,"[""hc_dpd_531bcafc30536276_en"",""hc_dpd_531bcafc30536276_fr""]","{""comp.txt"":[1571,1572],""drug.txt"":[1571,1572],""form.txt"":[1580,1581],""ingred.txt"":[2324,2325],""route.txt"":[1866,1867],""schedule.txt"":[1577,1578],""status.txt"":[8051,8057]}",new_heldout,ophthalmic_or_otic
hc_dpd_57efb40bc22ca21c,development,multi_ingredient,hc_ing_bf9931bd9584678c,3550,PHARMASCIENCE INC,PMS-EMTRICITABINE-TENOFOVIR,"[""94861""]","[""02461110""]","[""12251"",""16516""]",1,"[""hc_dpd_57efb40bc22ca21c_en"",""hc_dpd_57efb40bc22ca21c_fr""]","{""comp.txt"":[8409],""drug.txt"":[8409],""form.txt"":[8569],""ingred.txt"":[11968,11969],""route.txt"":[9924],""schedule.txt"":[8614],""status.txt"":[37584]}",inherited_development,oral
hc_dpd_57f05e10f203066a,development,multi_variant,hc_ing_0ebc7bbafaa0e8bc,12027,SANDOZ CANADA INCORPORATED,SANDOZ VENLAFAXINE XR,"[""79596"",""79597"",""79598""]","[""02310317"",""02310325"",""02310333""]","[""11336""]",3,"[""hc_dpd_57f05e10f203066a_en"",""hc_dpd_57f05e10f203066a_fr""]","{""comp.txt"":[4352,4353,4354],""drug.txt"":[4352,4353,4354],""form.txt"":[4399,4400,4401],""ingred.txt"":[6222,6223,6224],""route.txt"":[5173,5174,5175],""schedule.txt"":[4422,4423,4424],""status.txt"":[22463,22466,22475]}",inherited_development,oral
hc_dpd_5966e2911f55e6b1,development,multi_ingredient,hc_ing_71b99297a0ee27da,16647,SEARCHLIGHT PHARMA INC,CHOLEDYL EXPECTORANT,"[""4258""]","[""00476374""]","[""9615"",""10278""]",1,"[""hc_dpd_5966e2911f55e6b1_en"",""hc_dpd_5966e2911f55e6b1_fr""]","{""comp.txt"":[343],""drug.txt"":[343],""form.txt"":[343],""ingred.txt"":[495,496],""route.txt"":[432],""schedule.txt"":[343],""status.txt"":[1854]}",inherited_development,oral
hc_dpd_59866f3bf88da67c,development,single_ingredient,hc_ing_2c7d5490e6050836,13032,ACCORD HEALTHCARE INC,ACH-BICALUTAMIDE,"[""81133""]","[""02325985""]","[""141""]",1,"[""hc_dpd_59866f3bf88da67c_en"",""hc_dpd_59866f3bf88da67c_fr""]","{""comp.txt"":[4731],""drug.txt"":[4731],""form.txt"":[4780],""ingred.txt"":[6712],""route.txt"":[5615],""schedule.txt"":[4813],""status.txt"":[24071]}",inherited_development,oral
hc_dpd_5a8993206af0ae1a,heldout,multi_variant,hc_ing_691c8cb9271e7ec2,18179,BIONTECH MANUFACTURING GMBH,COMIRNATY,"[""103044"",""103046"",""104073""]","[""02541823"",""02541858"",""02552035""]","[""24010""]",3,"[""hc_dpd_5a8993206af0ae1a_en"",""hc_dpd_5a8993206af0ae1a_fr""]","{""comp.txt"":[12411,12412,12985],""drug.txt"":[12411,12412,12985],""form.txt"":[12685,12686,13276],""ingred.txt"":[18038,18039,18851],""route.txt"":[14902,14903,15562],""schedule.txt"":[12844,12845,13468],""status.txt"":[47351,47354,48581]}",new_heldout,parenteral
hc_dpd_5c4f30a07d669391,heldout,multi_ingredient,hc_ing_707676014eb4a081,3636,APOTEX INC,APO-TRIAZIDE,"[""5672""]","[""00441775""]","[""10190"",""10234""]",1,"[""hc_dpd_5c4f30a07d669391_en"",""hc_dpd_5c4f30a07d669391_fr""]","{""comp.txt"":[464],""drug.txt"":[464],""form.txt"":[465],""ingred.txt"":[670,671],""route.txt"":[569],""schedule.txt"":[464],""status.txt"":[2457]}",new_heldout,oral
hc_dpd_5f16c24567c6c335,heldout,multi_variant,hc_ing_ea4c5d4dffddf21d,16043,CELLTRION INC.,TRUXIMA,"[""96914"",""96915""]","[""02478382"",""02478390""]","[""11982""]",2,"[""hc_dpd_5f16c24567c6c335_en"",""hc_dpd_5f16c24567c6c335_fr""]","{""comp.txt"":[9187,9188],""drug.txt"":[9187,9188],""form.txt"":[9362,9363],""ingred.txt"":[13066,13067],""route.txt"":[10865,10866],""schedule.txt"":[9429,9430,9431,9432],""status.txt"":[39725,39730]}",new_heldout,parenteral
hc_dpd_5f97d77fe629795a,heldout,multi_variant,hc_ing_f9a6a10ad37f65a7,11463,GILEAD SCIENCES CANADA INC,ZYDELIG,"[""92318"",""92319""]","[""02438798"",""02438801""]","[""22590""]",2,"[""hc_dpd_5f97d77fe629795a_en"",""hc_dpd_5f97d77fe629795a_fr""]","{""comp.txt"":[7558,7559],""drug.txt"":[7558,7559],""form.txt"":[7695,7696],""ingred.txt"":[10765,10766],""route.txt"":[8901,8902],""schedule.txt"":[7715,7716],""status.txt"":[34918,34920]}",new_heldout,oral
hc_dpd_5fe4ef074cfcefc2,heldout,single_ingredient,hc_ing_93eb82316a6fd1f2,5661,BAUSCH & LOMB INC,LUMIFY,"[""100706""]","[""02517698""]","[""11710""]",1,"[""hc_dpd_5fe4ef074cfcefc2_en"",""hc_dpd_5fe4ef074cfcefc2_fr""]","{""comp.txt"":[11050],""drug.txt"":[11050],""form.txt"":[11300],""ingred.txt"":[15981],""route.txt"":[13324],""schedule.txt"":[11388],""status.txt"":[44306]}",new_heldout,ophthalmic_or_otic
hc_dpd_6347be01f6d2b0f9,heldout,multi_ingredient_multi_variant,hc_ing_2f932ec809eb8cbd,14318,TEVA CANADA LIMITED,TEVA-VALSARTAN/HCTZ,"[""84210"",""84211"",""84212"",""84213"",""84214""]","[""02356996"",""02357003"",""02357011"",""02357038"",""02357046""]","[""10234"",""11702""]",5,"[""hc_dpd_6347be01f6d2b0f9_en"",""hc_dpd_6347be01f6d2b0f9_fr""]","{""comp.txt"":[5254,5255,5256,5257,5258],""drug.txt"":[5254,5255,5256,5257,5258],""form.txt"":[5319,5320,5321,5322,5323],""ingred.txt"":[7581,7582,7583,7584,7585,7586,7587,7588,7589,7590],""route.txt"":[6242,6243,6244,6245,6246],""schedule.txt"":[5349,5350,5351,5352,5353],""status.txt"":[26255,26256,26259,26260,26262]}",new_heldout,oral
hc_dpd_642a997c1edb19fc,heldout,multi_ingredient,hc_ing_09a51db4523b9e52,11979,AURO PHARMA INC,AURO-TRAMADOL/ACETAMINOPHEN,"[""92342""]","[""02439050""]","[""270"",""13904""]",1,"[""hc_dpd_642a997c1edb19fc_en"",""hc_dpd_642a997c1edb19fc_fr""]","{""comp.txt"":[7566],""drug.txt"":[7566],""form.txt"":[7703],""ingred.txt"":[10773,10774],""route.txt"":[8909],""schedule.txt"":[7723],""status.txt"":[34938]}",new_heldout,oral
hc_dpd_64eeba0003c8a602,heldout,multi_ingredient,hc_ing_38525694890c38c4,14255,VIIV HEALTHCARE ULC,TRIUMEQ,"[""91536""]","[""02430932""]","[""122"",""11893"",""21556""]",1,"[""hc_dpd_64eeba0003c8a602_en"",""hc_dpd_64eeba0003c8a602_fr""]","{""comp.txt"":[7333],""drug.txt"":[7333],""form.txt"":[7453],""ingred.txt"":[10432,10433,10434],""route.txt"":[8622],""schedule.txt"":[7484],""status.txt"":[34095]}",new_heldout,oral
hc_dpd_64fe4cbed3501d61,heldout,multi_variant,hc_ing_c393f6347e02530a,14318,TEVA CANADA LIMITED,TEVA-TOPISONE,"[""13889"",""13888"",""10941""]","[""00804991"",""00805009"",""00809187""]","[""7610""]",3,"[""hc_dpd_64fe4cbed3501d61_en"",""hc_dpd_64fe4cbed3501d61_fr""]","{""comp.txt"":[885,1155,1156],""drug.txt"":[885,1155,1156],""form.txt"":[886,1157,1158],""ingred.txt"":[1317,1690,1691],""route.txt"":[1048,1369,1370],""schedule.txt"":[886,1158,1159],""status.txt"":[4256,5788,5794]}",new_heldout,topical
hc_dpd_67535c681122e884,heldout,multi_ingredient_multi_variant,hc_ing_4196d531c01c925c,17383,"TAIHO PHARMA CANADA, INC.",LONSURF,"[""96138"",""96139""]","[""02472104"",""02472112""]","[""1923"",""22929""]",2,"[""hc_dpd_67535c681122e884_en"",""hc_dpd_67535c681122e884_fr""]","{""comp.txt"":[8918,8919],""drug.txt"":[8918,8919],""form.txt"":[9089,9090],""ingred.txt"":[12657,12658,12659,12660],""route.txt"":[10553,10554],""schedule.txt"":[9146,9147],""status.txt"":[38995,38997]}",new_heldout,oral
hc_dpd_6863335feefef99a,heldout,multi_variant,hc_ing_15197cf7214b58e6,14236,SANIS HEALTH INC,ZOPICLONE,"[""76809"",""82952""]","[""02282445"",""02344122""]","[""1200""]",2,"[""hc_dpd_6863335feefef99a_en"",""hc_dpd_6863335feefef99a_fr""]","{""comp.txt"":[3819,5009],""drug.txt"":[3819,5009],""form.txt"":[3858,5068],""ingred.txt"":[5536,7181],""route.txt"":[4553,5954],""schedule.txt"":[3880,5096],""status.txt"":[19997,25242]}",new_heldout,oral
hc_dpd_68c60c31d7177fb9,heldout,multi_variant,hc_ing_40381badc8e9a57e,9985,GLAXOSMITHKLINE INC,ARNUITY ELLIPTA,"[""93200"",""93201""]","[""02446561"",""02446588""]","[""20155""]",2,"[""hc_dpd_68c60c31d7177fb9_en"",""hc_dpd_68c60c31d7177fb9_fr""]","{""comp.txt"":[7830,7831],""drug.txt"":[7830,7831],""form.txt"":[7972,7973],""ingred.txt"":[11161,11162],""route.txt"":[9203,9204,9205,9206],""schedule.txt"":[7997,7998],""status.txt"":[35951,35952]}",new_heldout,inhaled_or_nasal
hc_dpd_6e8b14fd7652b4ca,heldout,multi_ingredient,hc_ing_2a8f1408e5a27718,17200,ALTIUS HEALTHCARE INC,CLÉO -35,"[""92104""]","[""02436736""]","[""7426"",""7572""]",1,"[""hc_dpd_6e8b14fd7652b4ca_en"",""hc_dpd_6e8b14fd7652b4ca_fr""]","{""comp.txt"":[7493],""drug.txt"":[7493],""form.txt"":[7627],""ingred.txt"":[10667,10668],""route.txt"":[8824],""schedule.txt"":[7647],""status.txt"":[34689]}",new_heldout,oral
hc_dpd_70984e44b14ec304,heldout,single_ingredient,hc_ing_e7fe91222c7d247d,17099,TILLOTTS PHARMA GMBH,ENTOCORT ENEMA,"[""16264""]","[""02052431""]","[""7581""]",1,"[""hc_dpd_70984e44b14ec304_en"",""hc_dpd_70984e44b14ec304_fr""]","{""comp.txt"":[1324],""drug.txt"":[1324],""form.txt"":[1327,1328,1329],""ingred.txt"":[1967],""route.txt"":[1570],""schedule.txt"":[1328],""status.txt"":[6701]}",new_heldout,other
hc_dpd_710c7a472f8dbf87,heldout,single_ingredient,hc_ing_2521ef9e54ff60d9,16250,RECORDATI RARE DISEASES CANADA INC,CYSTADROPS,"[""97584""]","[""02485605""]","[""22871""]",1,"[""hc_dpd_710c7a472f8dbf87_en"",""hc_dpd_710c7a472f8dbf87_fr""]","{""comp.txt"":[9526],""drug.txt"":[9526],""form.txt"":[9714],""ingred.txt"":[13519],""route.txt"":[11271],""schedule.txt"":[9792],""status.txt"":[40582]}",new_heldout,ophthalmic_or_otic
hc_dpd_72cb7b30e4f2eaa4,heldout,single_ingredient,hc_ing_8c6cc1eb8dae6362,17221,JAZZ PHARMACEUTICALS IRELAND LIMITED,DEFITELIO,"[""95424""]","[""02465981""]","[""22880""]",1,"[""hc_dpd_72cb7b30e4f2eaa4_en"",""hc_dpd_72cb7b30e4f2eaa4_fr""]","{""comp.txt"":[8606],""drug.txt"":[8606],""form.txt"":[8769],""ingred.txt"":[12242],""route.txt"":[10172],""schedule.txt"":[8818,8819],""status.txt"":[38142]}",new_heldout,parenteral
hc_dpd_732a52a92f28c71e,heldout,multi_variant,hc_ing_072f178ed9c2b0ad,12538,SANOFI-AVENTIS CANADA INC,TRURAPI,"[""99592"",""99593"",""101847""]","[""02506564"",""02506572"",""02529254""]","[""12335""]",3,"[""hc_dpd_732a52a92f28c71e_en"",""hc_dpd_732a52a92f28c71e_fr""]","{""comp.txt"":[10571,10572,11656],""drug.txt"":[10571,10572,11656],""form.txt"":[10801,10802,11923],""ingred.txt"":[15292,15293,16907],""route.txt"":[12643,12644,14055,14056],""schedule.txt"":[10892,10893,12045],""status.txt"":[43212,43214,45688]}",new_heldout,parenteral
hc_dpd_73f1a0ded7b3dc85,heldout,multi_ingredient,hc_ing_f8556896c99771e0,17383,"TAIHO PHARMA CANADA, INC.",INQOVI,"[""99121""]","[""02501600""]","[""23041"",""23480""]",1,"[""hc_dpd_73f1a0ded7b3dc85_en"",""hc_dpd_73f1a0ded7b3dc85_fr""]","{""comp.txt"":[10345],""drug.txt"":[10345],""form.txt"":[10565],""ingred.txt"":[14928,14929],""route.txt"":[12317],""schedule.txt"":[10649],""status.txt"":[42590]}",new_heldout,oral
hc_dpd_7549c78320e483e3,development,single_ingredient,hc_ing_060672b8531404f5,14318,TEVA CANADA LIMITED,TEVA-IPRATROPIUM STERINEBS,"[""43176""]","[""02216221""]","[""1945""]",1,"[""hc_dpd_7549c78320e483e3_en"",""hc_dpd_7549c78320e483e3_fr""]","{""comp.txt"":[1909],""drug.txt"":[1909],""form.txt"":[1925],""ingred.txt"":[2883],""route.txt"":[2270],""schedule.txt"":[1918],""status.txt"":[10055]}",inherited_development,inhaled_or_nasal
hc_dpd_771eaf63bd1bf1d7,development,multi_variant,hc_ing_7954615b888c43f4,15633,NATCO PHARMA (CANADA) INC,NAT-IMATINIB,"[""88225"",""88226""]","[""02397285"",""02397293""]","[""12429""]",2,"[""hc_dpd_771eaf63bd1bf1d7_en"",""hc_dpd_771eaf63bd1bf1d7_fr""]","{""comp.txt"":[6337,6338],""drug.txt"":[6337,6338],""form.txt"":[6422,6423],""ingred.txt"":[9091,9092],""route.txt"":[7498,7499],""schedule.txt"":[6457,6458],""status.txt"":[30247,30257]}",inherited_development,oral
hc_dpd_7c564b021ccc75e5,development,single_ingredient,hc_ing_6a868b51bfd20b49,15353,ABBVIE CORPORATION,LATISSE,"[""83612""]","[""02350939""]","[""12108""]",1,"[""hc_dpd_7c564b021ccc75e5_en"",""hc_dpd_7c564b021ccc75e5_fr""]","{""comp.txt"":[5088],""drug.txt"":[5088],""form.txt"":[5150],""ingred.txt"":[7304],""route.txt"":[6053],""schedule.txt"":[5181],""status.txt"":[25585]}",inherited_development,topical
hc_dpd_7cf389b7b2f4320b,heldout,multi_ingredient_multi_variant,hc_ing_843507ed05420c30,15130,SIVEM PHARMACEUTICALS ULC,IRBESARTAN HCT,"[""87095"",""87096"",""87097""]","[""02385317"",""02385325"",""02385333""]","[""10234"",""11776""]",3,"[""hc_dpd_7cf389b7b2f4320b_en"",""hc_dpd_7cf389b7b2f4320b_fr""]","{""comp.txt"":[5963,5964,5965],""drug.txt"":[5963,5964,5965],""form.txt"":[6044,6045,6046],""ingred.txt"":[8608,8609,8610,8611,8612,8613],""route.txt"":[7074,7075,7076],""schedule.txt"":[6069,6070,6071],""status.txt"":[28890,28891,28892]}",new_heldout,oral
hc_dpd_7e495a36a5469d3a,heldout,single_ingredient,hc_ing_dc2ee521c7b4ea99,16524,BGP PHARMA ULC,TOBI PODHALER,"[""85000""]","[""02365154""]","[""8565""]",1,"[""hc_dpd_7e495a36a5469d3a_en"",""hc_dpd_7e495a36a5469d3a_fr""]","{""comp.txt"":[5450],""drug.txt"":[5450],""form.txt"":[5517],""ingred.txt"":[7857],""route.txt"":[6468],""schedule.txt"":[5547],""status.txt"":[26900]}",new_heldout,inhaled_or_nasal
hc_dpd_7e8c0bd305336009,heldout,single_ingredient,hc_ing_eb45347ff55db8c3,15988,BIOMARIN INTERNATIONAL LIMITED,BRINEURA,"[""97435""]","[""02484013""]","[""23028""]",1,"[""hc_dpd_7e8c0bd305336009_en"",""hc_dpd_7e8c0bd305336009_fr""]","{""comp.txt"":[9454],""drug.txt"":[9454],""form.txt"":[9639],""ingred.txt"":[13426],""route.txt"":[11183],""schedule.txt"":[9715,9716],""status.txt"":[40393]}",new_heldout,other
hc_dpd_800009b2c9caf87d,heldout,multi_variant,hc_ing_3f5f3806e425deac,13221,MINT PHARMACEUTICALS INC,MINT-ACYCLOVIR,"[""101372"",""101373"",""101374""]","[""02524708"",""02524716"",""02524724""]","[""1950""]",3,"[""hc_dpd_800009b2c9caf87d_en"",""hc_dpd_800009b2c9caf87d_fr""]","{""comp.txt"":[11395,11396,11397],""drug.txt"":[11395,11396,11397],""form.txt"":[11659,11660,11661],""ingred.txt"":[16485,16486,16487],""route.txt"":[13748,13749,13750],""schedule.txt"":[11763,11764,11765],""status.txt"":[45096,45098,45100]}",new_heldout,oral
hc_dpd_83027a6372dd02be,development,single_ingredient,hc_ing_27653f3415a0b047,4908,PFIZER CANADA ULC,VYNDAQEL,"[""98563""]","[""02495732""]","[""23410""]",1,"[""hc_dpd_83027a6372dd02be_en"",""hc_dpd_83027a6372dd02be_fr""]","{""comp.txt"":[10048],""drug.txt"":[10048],""form.txt"":[10250],""ingred.txt"":[14390],""route.txt"":[11862],""schedule.txt"":[10336],""status.txt"":[41854]}",inherited_development,oral
hc_dpd_832be5088084b7fa,development,multi_ingredient,hc_ing_59c4116c7351575a,7277,NOVARTIS PHARMACEUTICALS CANADA INC,ULTIBRO BREEZHALER,"[""90285""]","[""02418282""]","[""21063"",""21481""]",1,"[""hc_dpd_832be5088084b7fa_en"",""hc_dpd_832be5088084b7fa_fr""]","{""comp.txt"":[6956],""drug.txt"":[6956],""form.txt"":[7059],""ingred.txt"":[9960,9961],""route.txt"":[8176],""schedule.txt"":[7098],""status.txt"":[32696]}",inherited_development,inhaled_or_nasal
hc_dpd_841e6e9b6ecf3f57,heldout,multi_variant,hc_ing_42de1765d6291084,17859,ORGANON CANADA INC.,SAPHRIS,"[""86017"",""86018""]","[""02374803"",""02374811""]","[""21015""]",2,"[""hc_dpd_841e6e9b6ecf3f57_en"",""hc_dpd_841e6e9b6ecf3f57_fr""]","{""comp.txt"":[5700,5701],""drug.txt"":[5700,5701],""form.txt"":[5774,5775],""ingred.txt"":[8235,8236],""route.txt"":[6764,6765],""schedule.txt"":[5802,5803],""status.txt"":[27856,27861]}",new_heldout,other
hc_dpd_849a3bd97ea572ed,heldout,single_ingredient,hc_ing_a661cc44246a50c2,4415,JAMP PHARMA CORPORATION,JAMP TRAVOPROST Z,"[""103698""]","[""02548089""]","[""12477""]",1,"[""hc_dpd_849a3bd97ea572ed_en"",""hc_dpd_849a3bd97ea572ed_fr""]","{""comp.txt"":[12767],""drug.txt"":[12767],""form.txt"":[13054],""ingred.txt"":[18529],""route.txt"":[15322],""schedule.txt"":[13236],""status.txt"":[48124]}",new_heldout,ophthalmic_or_otic
hc_dpd_853162ea2c353ecb,development,single_ingredient,hc_ing_ee2ece66698339e8,14256,ANGITA PHARMA INC.,AG-LATANOPROST,"[""102373""]","[""02534835""]","[""11458""]",1,"[""hc_dpd_853162ea2c353ecb_en"",""hc_dpd_853162ea2c353ecb_fr""]","{""comp.txt"":[11982],""drug.txt"":[11982],""form.txt"":[12253],""ingred.txt"":[17391],""route.txt"":[14435],""schedule.txt"":[12392],""status.txt"":[46392]}",inherited_development,ophthalmic_or_otic
hc_dpd_8690a3b978b95d69,heldout,single_ingredient,hc_ing_1f463eb31d6fa7f3,7277,NOVARTIS PHARMACEUTICALS CANADA INC,NEVANAC,"[""79459""]","[""02308983""]","[""20215""]",1,"[""hc_dpd_8690a3b978b95d69_en"",""hc_dpd_8690a3b978b95d69_fr""]","{""comp.txt"":[4321],""drug.txt"":[4321],""form.txt"":[4366],""ingred.txt"":[6185],""route.txt"":[5140],""schedule.txt"":[4391],""status.txt"":[22333]}",new_heldout,ophthalmic_or_otic
hc_dpd_87b57b93c94708b5,heldout,multi_variant,hc_ing_d7770a40bdfe9208,9307,ASTRAZENECA CANADA INC,OXEZE TURBUHALER,"[""60542"",""60543""]","[""02237224"",""02237225""]","[""12633""]",2,"[""hc_dpd_87b57b93c94708b5_en"",""hc_dpd_87b57b93c94708b5_fr""]","{""comp.txt"":[2263,2264],""drug.txt"":[2263,2264],""form.txt"":[2285,2286],""ingred.txt"":[3338,3339],""route.txt"":[2705,2706],""schedule.txt"":[2280,2281],""status.txt"":[12293,12296]}",new_heldout,inhaled_or_nasal
hc_dpd_8a86474f5b621207,heldout,single_ingredient,hc_ing_74a6f94777c0406e,16555,FRESENIUS KABI CANADA LTD,VORICONAZOLE FOR INJECTION,"[""98382""]","[""02493829""]","[""13348""]",1,"[""hc_dpd_8a86474f5b621207_en"",""hc_dpd_8a86474f5b621207_fr""]","{""comp.txt"":[9932],""drug.txt"":[9932],""form.txt"":[10132],""ingred.txt"":[14182],""route.txt"":[11738],""schedule.txt"":[10217],""status.txt"":[41604]}",new_heldout,parenteral
hc_dpd_8a9709bb88e823d8,heldout,single_ingredient,hc_ing_b6b7fe40196712ba,17575,"BAUSCH HEALTH, CANADA INC.",NIDAGEL,"[""16852""]","[""02125226""]","[""9880""]",1,"[""hc_dpd_8a9709bb88e823d8_en"",""hc_dpd_8a9709bb88e823d8_fr""]","{""comp.txt"":[1357],""drug.txt"":[1357],""form.txt"":[1363],""ingred.txt"":[2024],""route.txt"":[1611],""schedule.txt"":[1361],""status.txt"":[6866]}",new_heldout,other
hc_dpd_8c020934f2937328,heldout,single_ingredient,hc_ing_3ae3ddb34b76bf3c,12027,SANDOZ CANADA INCORPORATED,SANDOZ RIVASTIGMINE PATCH 10,"[""91090""]","[""02426307""]","[""11987""]",1,"[""hc_dpd_8c020934f2937328_en"",""hc_dpd_8c020934f2937328_fr""]","{""comp.txt"":[7209],""drug.txt"":[7209],""form.txt"":[7320],""ingred.txt"":[10274],""route.txt"":[8478],""schedule.txt"":[7359],""status.txt"":[33637]}",new_heldout,topical
hc_dpd_8df7e2c409b337d9,heldout,single_ingredient,hc_ing_814fd2e8e45e9a6d,14236,SANIS HEALTH INC,AZITHROMYCIN,"[""81664""]","[""02330881""]","[""424""]",1,"[""hc_dpd_8df7e2c409b337d9_en"",""hc_dpd_8df7e2c409b337d9_fr""]","{""comp.txt"":[4853],""drug.txt"":[4853],""form.txt"":[4912],""ingred.txt"":[6965],""route.txt"":[5752],""schedule.txt"":[4938],""status.txt"":[24610]}",new_heldout,oral
hc_dpd_90c34aee86855e30,development,multi_ingredient,hc_ing_4bf912b8e0a14e2c,3636,APOTEX INC,APO-AZELASTINE/FLUTICASONE,"[""102955""]","[""02540886""]","[""637"",""22525""]",1,"[""hc_dpd_90c34aee86855e30_en"",""hc_dpd_90c34aee86855e30_fr""]","{""comp.txt"":[12348],""drug.txt"":[12348],""form.txt"":[12622],""ingred.txt"":[17955,17956],""route.txt"":[14837],""schedule.txt"":[12778],""status.txt"":[47212]}",inherited_development,inhaled_or_nasal
hc_dpd_9226b6d7d6311169,heldout,multi_variant,hc_ing_90e1db68e69ab1cb,16555,FRESENIUS KABI CANADA LTD,TYENNE,"[""104142"",""104143"",""104144"",""104145"",""104146""]","[""02552450"",""02552469"",""02552477"",""02552485"",""02552493""]","[""20590""]",5,"[""hc_dpd_9226b6d7d6311169_en"",""hc_dpd_9226b6d7d6311169_fr""]","{""comp.txt"":[13008,13009,13010,13011,13012],""drug.txt"":[13008,13009,13010,13011,13012],""form.txt"":[13299,13300,13301,13302,13303],""ingred.txt"":[18890,18891,18892,18893,18894],""route.txt"":[15590,15591,15592,15593,15594],""schedule.txt"":[13491,13492,13493,13494,13495,13496,13497,13498,13499,13500],""status.txt"":[48629,48630,48633,48635,48636]}",new_heldout,parenteral
hc_dpd_92507a955d8de8ac,heldout,single_ingredient,hc_ing_f57e5cb1f4532c00,14473,PIRAMAL CRITICAL CARE INC,SEVOFLURANE,"[""79344""]","[""02307766""]","[""169""]",1,"[""hc_dpd_92507a955d8de8ac_en"",""hc_dpd_92507a955d8de8ac_fr""]","{""comp.txt"":[4299],""drug.txt"":[4299],""form.txt"":[4344],""ingred.txt"":[6160],""route.txt"":[5116],""schedule.txt"":[4367],""status.txt"":[22226]}",new_heldout,inhaled_or_nasal
hc_dpd_92d519855579fbb9,heldout,single_ingredient,hc_ing_52fdbbe8ee4add45,13930,MYLAN PHARMACEUTICALS ULC,RIMSO-50,"[""3769""]","[""00493392""]","[""9745""]",1,"[""hc_dpd_92d519855579fbb9_en"",""hc_dpd_92d519855579fbb9_fr""]","{""comp.txt"":[296],""drug.txt"":[296],""form.txt"":[296],""ingred.txt"":[434],""route.txt"":[376],""schedule.txt"":[296],""status.txt"":[1596]}",new_heldout,other
hc_dpd_9425627f287a0d2c,heldout,multi_variant,hc_ing_9ae1538592b99944,16524,BGP PHARMA ULC,NITROSTAT,"[""1254"",""1253""]","[""00037613"",""00037621""]","[""9412""]",2,"[""hc_dpd_9425627f287a0d2c_en"",""hc_dpd_9425627f287a0d2c_fr""]","{""comp.txt"":[104,105],""drug.txt"":[104,105],""form.txt"":[104,105],""ingred.txt"":[139,140],""route.txt"":[141,142],""schedule.txt"":[104,105],""status.txt"":[723,724]}",new_heldout,other
hc_dpd_9772d28a10089a76,heldout,single_ingredient,hc_ing_0fef74db34bcd6ce,3798,BRISTOL-MYERS SQUIBB CANADA,BARACLUDE,"[""76788""]","[""02282224""]","[""13030""]",1,"[""hc_dpd_9772d28a10089a76_en"",""hc_dpd_9772d28a10089a76_fr""]","{""comp.txt"":[3818],""drug.txt"":[3818],""form.txt"":[3857],""ingred.txt"":[5535],""route.txt"":[4552],""schedule.txt"":[3879],""status.txt"":[19991]}",new_heldout,oral
hc_dpd_978fc3a897cb242b,heldout,multi_ingredient,hc_ing_1ec2b317d5e3915c,4415,JAMP PHARMA CORPORATION,JAMPLYTE,"[""86414""]","[""02378329""]","[""53"",""55"",""698"",""7247"",""9197""]",1,"[""hc_dpd_978fc3a897cb242b_en"",""hc_dpd_978fc3a897cb242b_fr""]","{""comp.txt"":[5773],""drug.txt"":[5773],""form.txt"":[5847],""ingred.txt"":[8333,8334,8335,8336,8337],""route.txt"":[6852],""schedule.txt"":[5875],""status.txt"":[28138]}",new_heldout,oral
hc_dpd_9ad870d869b86719,development,multi_ingredient,hc_ing_fb49434cb9cc045c,4763,NOVO NORDISK CANADA INC,ACTIVELLE,"[""73420""]","[""02249405""]","[""7419"",""7498""]",1,"[""hc_dpd_9ad870d869b86719_en"",""hc_dpd_9ad870d869b86719_fr""]","{""comp.txt"":[3294],""drug.txt"":[3294],""form.txt"":[3322],""ingred.txt"":[4729,4730],""route.txt"":[3953],""schedule.txt"":[3338],""status.txt"":[17628]}",inherited_development,oral
hc_dpd_9bf07ae12c764ca8,heldout,multi_ingredient,hc_ing_e57253932d8ed63f,17240,SEQIRUS UK LIMITED,FLUAD,"[""84739""]","[""02362384""]","[""742"",""743"",""744""]",1,"[""hc_dpd_9bf07ae12c764ca8_en"",""hc_dpd_9bf07ae12c764ca8_fr""]","{""comp.txt"":[5398],""drug.txt"":[5398],""form.txt"":[5464],""ingred.txt"":[7770,7771,7772],""route.txt"":[6407],""schedule.txt"":[5495],""status.txt"":[26697]}",new_heldout,parenteral
hc_dpd_9e4c289f3ec248f0,heldout,multi_variant,hc_ing_f5efb6e05e55f7ed,12027,SANDOZ CANADA INCORPORATED,SANDOZ BISOPROLOL TABLETS,"[""98405"",""98406"",""103278"",""103279""]","[""02494035"",""02494043"",""02544245"",""02544253""]","[""1218""]",4,"[""hc_dpd_9e4c289f3ec248f0_en"",""hc_dpd_9e4c289f3ec248f0_fr""]","{""comp.txt"":[9940,9941,12540,12541],""drug.txt"":[9940,9941,12540,12541],""form.txt"":[10141,10142,12817,12818],""ingred.txt"":[14197,14198,18229,18230],""route.txt"":[11746,11747,15040,15041],""schedule.txt"":[10225,10226,12993,12994],""status.txt"":[41622,41624,47641,47643]}",new_heldout,oral
hc_dpd_9fcac5408ceaac3e,heldout,single_ingredient,hc_ing_ac7adad6960b53d3,4835,ODAN LABORATORIES LTD,ODAN-TROPICAMIDE,"[""6054""]","[""00622885""]","[""5843""]",1,"[""hc_dpd_9fcac5408ceaac3e_en"",""hc_dpd_9fcac5408ceaac3e_fr""]","{""comp.txt"":[514],""drug.txt"":[514],""form.txt"":[515],""ingred.txt"":[735],""route.txt"":[620],""schedule.txt"":[514],""status.txt"":[2645]}",new_heldout,ophthalmic_or_otic
hc_dpd_a015f5aed1fb5fea,heldout,single_ingredient,hc_ing_f34faff80b330ad8,11656,PENDOPHARM DIVISION OF PHARMASCIENCE INC,PDP-AMANTADINE HYDROCHLORIDE SYRUP,"[""14393""]","[""02022826""]","[""9905""]",1,"[""hc_dpd_a015f5aed1fb5fea_en"",""hc_dpd_a015f5aed1fb5fea_fr""]","{""comp.txt"":[1219],""drug.txt"":[1219],""form.txt"":[1221],""ingred.txt"":[1819],""route.txt"":[1444],""schedule.txt"":[1222],""status.txt"":[6078]}",new_heldout,oral
hc_dpd_a1b0959d501c69f8,heldout,multi_variant,hc_ing_2239804df6c32522,14318,TEVA CANADA LIMITED,TEVA-FENTANYL,"[""76857"",""76858"",""76859"",""76860"",""79746""]","[""02282941"",""02282968"",""02282976"",""02282984"",""02311925""]","[""10075""]",5,"[""hc_dpd_a1b0959d501c69f8_en"",""hc_dpd_a1b0959d501c69f8_fr""]","{""comp.txt"":[3827,3828,3829,3830,4398],""drug.txt"":[3827,3828,3829,3830,4398],""form.txt"":[3866,3867,3868,3869,4445],""ingred.txt"":[5547,5548,5549,5550,6268],""route.txt"":[4562,4563,4564,4565,5220],""schedule.txt"":[3888,3889,3890,3891,4468],""status.txt"":[20052,20054,20061,20063,22654]}",new_heldout,topical
hc_dpd_a3d6eacc4c36e5bb,heldout,single_ingredient,hc_ing_a888f4fb245e47ee,12250,MERCK CANADA INC,CANCIDAS,"[""68233""]","[""02244266""]","[""12330""]",1,"[""hc_dpd_a3d6eacc4c36e5bb_en"",""hc_dpd_a3d6eacc4c36e5bb_fr""]","{""comp.txt"":[2836],""drug.txt"":[2836],""form.txt"":[2863],""ingred.txt"":[4099],""route.txt"":[3398],""schedule.txt"":[2869],""status.txt"":[15370]}",new_heldout,parenteral
hc_dpd_a4b46d8b63e0a80b,heldout,single_ingredient,hc_ing_9f88dcfe8bac5298,13032,ACCORD HEALTHCARE INC,"CISPLATIN INJECTION, BP","[""84044""]","[""02355183""]","[""13121""]",1,"[""hc_dpd_a4b46d8b63e0a80b_en"",""hc_dpd_a4b46d8b63e0a80b_fr""]","{""comp.txt"":[5201],""drug.txt"":[5201],""form.txt"":[5266],""ingred.txt"":[7515],""route.txt"":[6182],""schedule.txt"":[5295],""status.txt"":[26058]}",new_heldout,parenteral
hc_dpd_a5f95b2cd54c5065,heldout,multi_ingredient,hc_ing_c9a518692209b1bf,17221,JAZZ PHARMACEUTICALS IRELAND LIMITED,VYXEOS,"[""100489""]","[""02515490""]","[""68"",""2953""]",1,"[""hc_dpd_a5f95b2cd54c5065_en"",""hc_dpd_a5f95b2cd54c5065_fr""]","{""comp.txt"":[10949],""drug.txt"":[10949],""form.txt"":[11199],""ingred.txt"":[15848,15849],""route.txt"":[13201],""schedule.txt"":[11285],""status.txt"":[44061]}",new_heldout,parenteral
hc_dpd_a73086ff8f249009,heldout,single_ingredient,hc_ing_9d4244b01f77bed4,3636,APOTEX INC,APO-HYDROXYQUINE,"[""70886""]","[""02246691""]","[""6506""]",1,"[""hc_dpd_a73086ff8f249009_en"",""hc_dpd_a73086ff8f249009_fr""]","{""comp.txt"":[3040],""drug.txt"":[3040],""form.txt"":[3068],""ingred.txt"":[4374],""route.txt"":[3646],""schedule.txt"":[3077],""status.txt"":[16417]}",new_heldout,oral
hc_dpd_a85010fc0ffad342,heldout,multi_ingredient_multi_variant,hc_ing_ce34263ec8e64386,4328,HOFFMANN-LA ROCHE LIMITED,PHESGO,"[""100216"",""100217""]","[""02512912"",""02512920""]","[""11905"",""22051""]",2,"[""hc_dpd_a85010fc0ffad342_en"",""hc_dpd_a85010fc0ffad342_fr""]","{""comp.txt"":[10861,10862],""drug.txt"":[10861,10862],""form.txt"":[11102,11103],""ingred.txt"":[15718,15719,15720,15721],""route.txt"":[13061,13062],""schedule.txt"":[11193,11194,11195,11196],""status.txt"":[43874,43876]}",new_heldout,parenteral
hc_dpd_ab993e6a1d0f5681,heldout,multi_variant,hc_ing_48e05d3f015f9598,14318,TEVA CANADA LIMITED,TEVA-LIOTHYRONINE,"[""98436"",""98437""]","[""02494337"",""02494345""]","[""9954""]",2,"[""hc_dpd_ab993e6a1d0f5681_en"",""hc_dpd_ab993e6a1d0f5681_fr""]","{""comp.txt"":[9958,9959],""drug.txt"":[9958,9959],""form.txt"":[10159,10160],""ingred.txt"":[14234,14235],""route.txt"":[11767,11768],""schedule.txt"":[10243,10244],""status.txt"":[41660,41662]}",new_heldout,oral
hc_dpd_abaf6bb6ee62dce4,heldout,multi_ingredient,hc_ing_54dcdd74a424c1fe,3636,APOTEX INC,OVIMA 28,"[""87266""]","[""02387093""]","[""7426"",""7490""]",1,"[""hc_dpd_abaf6bb6ee62dce4_en"",""hc_dpd_abaf6bb6ee62dce4_fr""]","{""comp.txt"":[6032],""drug.txt"":[6032],""form.txt"":[6113],""ingred.txt"":[8687,8688],""route.txt"":[7146],""schedule.txt"":[6138],""status.txt"":[29138]}",new_heldout,oral
hc_dpd_ac7457b48f573022,heldout,multi_ingredient,hc_ing_9d0539402a558375,5034,LABORATOIRE RIVA INC.,RIVA-DORZOLAMIDE/TIMOLOL,"[""92604""]","[""02441659""]","[""11163"",""11213""]",1,"[""hc_dpd_ac7457b48f573022_en"",""hc_dpd_ac7457b48f573022_fr""]","{""comp.txt"":[7637],""drug.txt"":[7637],""form.txt"":[7775],""ingred.txt"":[10910,10911],""route.txt"":[8987],""schedule.txt"":[7795],""status.txt"":[35236]}",new_heldout,ophthalmic_or_otic
hc_dpd_ad944eaa42055f08,heldout,multi_variant,hc_ing_1992a7b5f8d06c70,11656,PENDOPHARM DIVISION OF PHARMASCIENCE INC,PDP-DESONIDE,"[""43536"",""43537""]","[""02229315"",""02229323""]","[""7512""]",2,"[""hc_dpd_ad944eaa42055f08_en"",""hc_dpd_ad944eaa42055f08_fr""]","{""comp.txt"":[1971,1972],""drug.txt"":[1971,1972],""form.txt"":[1988,1989],""ingred.txt"":[2949,2950],""route.txt"":[2339,2340],""schedule.txt"":[1981,1982],""status.txt"":[10469,10479]}",new_heldout,topical
hc_dpd_af71ca70a95d1a2d,development,multi_variant,hc_ing_f2adeac9190ca809,14236,SANIS HEALTH INC,LISINOPRIL (TYPE Z),"[""101418"",""101419"",""101420""]","[""02525186"",""02525194"",""02525208""]","[""1253""]",3,"[""hc_dpd_af71ca70a95d1a2d_en"",""hc_dpd_af71ca70a95d1a2d_fr""]","{""comp.txt"":[11425,11426,11427],""drug.txt"":[11425,11426,11427],""form.txt"":[11690,11691,11692],""ingred.txt"":[16534,16535,16536],""route.txt"":[13789,13790,13791],""schedule.txt"":[11793,11794,11795],""status.txt"":[45155,45160,45165]}",inherited_development,oral
hc_dpd_b098f5344d27f8ea,heldout,multi_variant,hc_ing_5165994ff8812d65,12428,SANOFI VACCINES CANADA LTD.,BEYFORTUS,"[""102594"",""102595""]","[""02537206"",""02537214""]","[""23833""]",2,"[""hc_dpd_b098f5344d27f8ea_en"",""hc_dpd_b098f5344d27f8ea_fr""]","{""comp.txt"":[12123,12124],""drug.txt"":[12123,12124],""form.txt"":[12395,12396],""ingred.txt"":[17587,17588],""route.txt"":[14592,14593],""schedule.txt"":[12539,12540],""status.txt"":[46708,46711]}",new_heldout,parenteral
hc_dpd_b1a194aeeb9d3918,heldout,multi_variant,hc_ing_9e18318308013da2,14907,MARCAN PHARMACEUTICALS INC,MAR-AMITRIPTYLINE,"[""91430"",""91431"",""91432"",""91433""]","[""02429861"",""02429888"",""02429896"",""02429918""]","[""10187""]",4,"[""hc_dpd_b1a194aeeb9d3918_en"",""hc_dpd_b1a194aeeb9d3918_fr""]","{""comp.txt"":[7308,7309,7310,7311],""drug.txt"":[7308,7309,7310,7311],""form.txt"":[7420,7421,7422,7423],""ingred.txt"":[10407,10408,10409,10410],""route.txt"":[8596,8597,8598,8599],""schedule.txt"":[7459,7460,7461,7462],""status.txt"":[33988,33989,33990,33991]}",new_heldout,oral
hc_dpd_b2ae33ee64e13a77,development,single_ingredient,hc_ing_eadfccb71b4400f3,4908,PFIZER CANADA ULC,HEPARIN SODIUM INJECTION USP,"[""86817""]","[""02382326""]","[""9060""]",1,"[""hc_dpd_b2ae33ee64e13a77_en"",""hc_dpd_b2ae33ee64e13a77_fr""]","{""comp.txt"":[5894],""drug.txt"":[5894],""form.txt"":[5968],""ingred.txt"":[8482],""route.txt"":[6989,6990],""schedule.txt"":[5999],""status.txt"":[28635]}",inherited_development,parenteral
hc_dpd_b2e29a0786795152,development,single_ingredient,hc_ing_6145940db285f65e,11656,PENDOPHARM DIVISION OF PHARMASCIENCE INC,PDP-AMLODIPINE,"[""97499""]","[""02484706""]","[""11344""]",1,"[""hc_dpd_b2e29a0786795152_en"",""hc_dpd_b2e29a0786795152_fr""]","{""comp.txt"":[9483],""drug.txt"":[9483],""form.txt"":[9669],""ingred.txt"":[13462],""route.txt"":[11212],""schedule.txt"":[9746],""status.txt"":[40469]}",inherited_development,oral
hc_dpd_b35e1ec6cb452259,development,single_ingredient,hc_ing_ad042f41e04d9d31,15083,DR REDDY'S LABORATORIES LTD,BORTEZOMIB FOR INJECTION,"[""93883""]","[""02452456""]","[""13053""]",1,"[""hc_dpd_b35e1ec6cb452259_en"",""hc_dpd_b35e1ec6cb452259_fr""]","{""comp.txt"":[8044],""drug.txt"":[8044],""form.txt"":[8198],""ingred.txt"":[11473],""route.txt"":[9481,9482],""schedule.txt"":[8223],""status.txt"":[36544]}",inherited_development,parenteral
hc_dpd_b3673e5f3d3b9ede,heldout,multi_variant,hc_ing_c50c4d67ba8514a0,14108,TAKEDA CANADA INC,NINLARO,"[""94382"",""94383"",""94384""]","[""02456796"",""02456818"",""02456826""]","[""22810""]",3,"[""hc_dpd_b3673e5f3d3b9ede_en"",""hc_dpd_b3673e5f3d3b9ede_fr""]","{""comp.txt"":[8211,8212,8213],""drug.txt"":[8211,8212,8213],""form.txt"":[8366,8367,8368],""ingred.txt"":[11727,11728,11729],""route.txt"":[9686,9687,9688],""schedule.txt"":[8402,8403,8404],""status.txt"":[37044,37046,37047]}",new_heldout,oral
hc_dpd_b836349723f0bea7,heldout,multi_ingredient,hc_ing_84e52a19ae16c5a0,13930,MYLAN PHARMACEUTICALS ULC,MYLAN-ABACAVIR/LAMIVUDINE,"[""93683""]","[""02450682""]","[""122"",""11893""]",1,"[""hc_dpd_b836349723f0bea7_en"",""hc_dpd_b836349723f0bea7_fr""]","{""comp.txt"":[7967],""drug.txt"":[7967],""form.txt"":[8113],""ingred.txt"":[11378,11379],""route.txt"":[9384],""schedule.txt"":[8146],""status.txt"":[36334]}",new_heldout,oral
hc_dpd_b9d6fcfa334ba454,development,single_ingredient,hc_ing_faeeba4ba4d9eea7,18275,"KYOWA KIRIN, INC.",POTELIGEO,"[""101691""]","[""02527715""]","[""23744""]",1,"[""hc_dpd_b9d6fcfa334ba454_en"",""hc_dpd_b9d6fcfa334ba454_fr""]","{""comp.txt"":[11555],""drug.txt"":[11555],""form.txt"":[11821],""ingred.txt"":[16767],""route.txt"":[13942],""schedule.txt"":[11934,11935],""status.txt"":[45481]}",inherited_development,parenteral
hc_dpd_b9fa8cf66f2236dc,heldout,single_ingredient,hc_ing_161b0dc38c313ee8,14227,PHARMAZEUTISCHE FABRIK MONTAVIT GES M.B.H.,CATHEJELL,"[""85604""]","[""02370840""]","[""10225""]",1,"[""hc_dpd_b9fa8cf66f2236dc_en"",""hc_dpd_b9fa8cf66f2236dc_fr""]","{""comp.txt"":[5595],""drug.txt"":[5595],""form.txt"":[5669],""ingred.txt"":[8095],""route.txt"":[6645],""schedule.txt"":[5695],""status.txt"":[27484]}",new_heldout,topical
hc_dpd_beb9ec12b1a19300,heldout,multi_variant,hc_ing_470e4e3fd63c407a,8892,STERIMAX INC,CEFAZOLIN SODIUM FOR INJECTION BP,"[""95364"",""95365"",""101381""]","[""02465469"",""02465477"",""02524791""]","[""11180""]",3,"[""hc_dpd_beb9ec12b1a19300_en"",""hc_dpd_beb9ec12b1a19300_fr""]","{""comp.txt"":[8586,8587,11402],""drug.txt"":[8586,8587,11402],""form.txt"":[8749,8750,11666],""ingred.txt"":[12215,12216,16495],""route.txt"":[10140,10141,10142,13755,13756],""schedule.txt"":[8797,8798,11770],""status.txt"":[38093,38101,45109]}",new_heldout,parenteral
hc_dpd_bf90830f437dacd1,heldout,single_ingredient,hc_ing_a28200c8a52fb556,15832,VALNEVA AUSTRIA GMBH,IXIARO,"[""81890""]","[""02333279""]","[""20523""]",1,"[""hc_dpd_bf90830f437dacd1_en"",""hc_dpd_bf90830f437dacd1_fr""]","{""comp.txt"":[4886],""drug.txt"":[4886],""form.txt"":[4945],""ingred.txt"":[7007],""route.txt"":[5791],""schedule.txt"":[4972],""status.txt"":[24777]}",new_heldout,parenteral
hc_dpd_c07814bd092f119d,heldout,single_ingredient,hc_ing_811af1590c16fc90,3636,APOTEX INC,VERKAZIA,"[""97446""]","[""02484137""]","[""1915""]",1,"[""hc_dpd_c07814bd092f119d_en"",""hc_dpd_c07814bd092f119d_fr""]","{""comp.txt"":[9462],""drug.txt"":[9462],""form.txt"":[9648],""ingred.txt"":[13434],""route.txt"":[11191],""schedule.txt"":[9724],""status.txt"":[40411]}",new_heldout,ophthalmic_or_otic
hc_dpd_c11595f8385723f4,heldout,multi_ingredient_multi_variant,hc_ing_1003d1c8d76fb0f5,11979,AURO PHARMA INC,AURO-DAPAGLIFLOZIN / METFORMIN,"[""102210"",""102211""]","[""02533073"",""02533081""]","[""10147"",""22549""]",2,"[""hc_dpd_c11595f8385723f4_en"",""hc_dpd_c11595f8385723f4_fr""]","{""comp.txt"":[11871,11872],""drug.txt"":[11871,11872],""form.txt"":[12140,12141],""ingred.txt"":[17178,17179,17180,17181],""route.txt"":[14309,14310],""schedule.txt"":[12275,12276],""status.txt"":[46155,46156]}",new_heldout,oral
hc_dpd_c35ca9ad296f9754,heldout,multi_ingredient,hc_ing_993fef270239d5f2,4908,PFIZER CANADA ULC,TRUMENBA,"[""95723""]","[""02468751""]","[""22907"",""22908""]",1,"[""hc_dpd_c35ca9ad296f9754_en"",""hc_dpd_c35ca9ad296f9754_fr""]","{""comp.txt"":[8731],""drug.txt"":[8731],""form.txt"":[8896],""ingred.txt"":[12418,12419],""route.txt"":[10317],""schedule.txt"":[8945],""status.txt"":[38486]}",new_heldout,parenteral
hc_dpd_c3bdaf46ee6dcc7c,heldout,single_ingredient,hc_ing_e66d94f5aade96b2,3550,PHARMASCIENCE INC,PMS-PREDNISOLONE,"[""69619""]","[""02245532""]","[""7630""]",1,"[""hc_dpd_c3bdaf46ee6dcc7c_en"",""hc_dpd_c3bdaf46ee6dcc7c_fr""]","{""comp.txt"":[2937],""drug.txt"":[2937],""form.txt"":[2964],""ingred.txt"":[4223],""route.txt"":[3512],""schedule.txt"":[2971],""status.txt"":[15865]}",new_heldout,oral
hc_dpd_c452121698d8eedf,heldout,multi_variant,hc_ing_4560fb863da9b4c6,12027,SANDOZ CANADA INCORPORATED,SANDOZ PRAMIPEXOLE,"[""80080"",""80081"",""80082"",""80083""]","[""02315262"",""02315270"",""02315289"",""02315297""]","[""11733""]",4,"[""hc_dpd_c452121698d8eedf_en"",""hc_dpd_c452121698d8eedf_fr""]","{""comp.txt"":[4483,4484,4485,4486],""drug.txt"":[4483,4484,4485,4486],""form.txt"":[4530,4531,4532,4533],""ingred.txt"":[6376,6377,6378,6379],""route.txt"":[5328,5329,5330,5331],""schedule.txt"":[4553,4554,4555,4556],""status.txt"":[22992,22995,22996,22999]}",new_heldout,oral
hc_dpd_c709fa934174bec8,heldout,multi_variant,hc_ing_cb91409e37b7d688,17859,ORGANON CANADA INC.,ELOCOM,"[""11444"",""11196"",""11443""]","[""00851736"",""00851744"",""00871095""]","[""7504""]",3,"[""hc_dpd_c709fa934174bec8_en"",""hc_dpd_c709fa934174bec8_fr""]","{""comp.txt"":[907,936,937],""drug.txt"":[907,936,937],""form.txt"":[908,937,938],""ingred.txt"":[1345,1402,1403],""route.txt"":[1075,1107,1108],""schedule.txt"":[908,937,938],""status.txt"":[4356,4542,4548]}",new_heldout,topical
hc_dpd_c791918a17ee5a36,heldout,single_ingredient,hc_ing_0af7d7158becc6d0,3636,APOTEX INC,APO-FLUCONAZOLE-150,"[""65565""]","[""02241895""]","[""1204""]",1,"[""hc_dpd_c791918a17ee5a36_en"",""hc_dpd_c791918a17ee5a36_fr""]","{""comp.txt"":[2578],""drug.txt"":[2578],""form.txt"":[2603],""ingred.txt"":[3755],""route.txt"":[3075],""schedule.txt"":[2602],""status.txt"":[14120]}",new_heldout,oral
hc_dpd_c84c12fc4132fe68,heldout,single_ingredient,hc_ing_df4011e630c0cda9,10774,BAYER INC,CLARITIN KIDS,"[""65175""]","[""02241523""]","[""1299""]",1,"[""hc_dpd_c84c12fc4132fe68_en"",""hc_dpd_c84c12fc4132fe68_fr""]","{""comp.txt"":[2542],""drug.txt"":[2542],""form.txt"":[2567],""ingred.txt"":[3703],""route.txt"":[3033],""schedule.txt"":[2565],""status.txt"":[13903]}",new_heldout,oral
hc_dpd_c8e96c44873b5890,development,single_ingredient,hc_ing_5f47682131d8b771,16301,DR. REDDY'S LABORATORIES CANADA INC.,REDDY-CLOBETASOL SHAMPOO,"[""100870""]","[""02519437""]","[""7558""]",1,"[""hc_dpd_c8e96c44873b5890_en"",""hc_dpd_c8e96c44873b5890_fr""]","{""comp.txt"":[11127],""drug.txt"":[11127],""form.txt"":[11384],""ingred.txt"":[16099],""route.txt"":[13428],""schedule.txt"":[11469],""status.txt"":[44480]}",inherited_development,topical
hc_dpd_c969519115e21ee6,heldout,single_ingredient,hc_ing_d8d1790737d57ac4,11656,PENDOPHARM DIVISION OF PHARMASCIENCE INC,ACET 120,"[""49357""]","[""02230434""]","[""270""]",1,"[""hc_dpd_c969519115e21ee6_en"",""hc_dpd_c969519115e21ee6_fr""]","{""comp.txt"":[2089],""drug.txt"":[2089],""form.txt"":[2107],""ingred.txt"":[3114],""route.txt"":[2501],""schedule.txt"":[2100],""status.txt"":[11220]}",new_heldout,other
hc_dpd_cc27fef0e308f16f,heldout,multi_variant,hc_ing_3e6fadf870460e8d,15130,SIVEM PHARMACEUTICALS ULC,FAMOTIDINE,"[""103798"",""103799""]","[""02549107"",""02549115""]","[""1395""]",2,"[""hc_dpd_cc27fef0e308f16f_en"",""hc_dpd_cc27fef0e308f16f_fr""]","{""comp.txt"":[12813,12814],""drug.txt"":[12813,12814],""form.txt"":[13102,13103],""ingred.txt"":[18596,18597],""route.txt"":[15377,15378],""schedule.txt"":[13282,13283],""status.txt"":[48227,48230]}",new_heldout,oral
hc_dpd_cc2ab640bb2df611,heldout,multi_variant,hc_ing_c18da8721686119d,7277,NOVARTIS PHARMACEUTICALS CANADA INC,MAXIDEX,"[""2620"",""4591""]","[""00042560"",""00042579""]","[""7600""]",2,"[""hc_dpd_cc2ab640bb2df611_en"",""hc_dpd_cc2ab640bb2df611_fr""]","{""comp.txt"":[212,370],""drug.txt"":[212,370],""form.txt"":[212,370],""ingred.txt"":[313,530],""route.txt"":[269,462],""schedule.txt"":[212,370],""status.txt"":[1262,2030]}",new_heldout,ophthalmic_or_otic
hc_dpd_cd09c04272dd831f,heldout,single_ingredient,hc_ing_c6eaf20a01893966,4308,HILL DERMACEUTICALS INC,TOLAK,"[""97559""]","[""02485346""]","[""6311""]",1,"[""hc_dpd_cd09c04272dd831f_en"",""hc_dpd_cd09c04272dd831f_fr""]","{""comp.txt"":[9508],""drug.txt"":[9508],""form.txt"":[9696],""ingred.txt"":[13499],""route.txt"":[11250],""schedule.txt"":[9771],""status.txt"":[40531]}",new_heldout,topical
hc_dpd_cdc8e15d496fb074,heldout,multi_ingredient_multi_variant,hc_ing_17a47d2c9c354ced,13930,MYLAN PHARMACEUTICALS ULC,MYLAN-AMLODIPINE/ATORVASTATIN,"[""84775"",""84776"",""84777"",""84778"",""84779"",""84780"",""84781"",""84782""]","[""02362759"",""02362767"",""02362775"",""02362783"",""02362791"",""02362805"",""02362813"",""02362821""]","[""11344"",""11366""]",8,"[""hc_dpd_cdc8e15d496fb074_en"",""hc_dpd_cdc8e15d496fb074_fr""]","{""comp.txt"":[5415,5416,5417,5418,5419,5420,5421,5422],""drug.txt"":[5415,5416,5417,5418,5419,5420,5421,5422],""form.txt"":[5482,5483,5484,5485,5486,5487,5488,5489],""ingred.txt"":[7793,7794,7795,7796,7797,7798,7799,7800,7801,7802,7803,7804,7805,7806,7807,7808],""route.txt"":[6433,6434,6435,6436,6437,6438,6439,6440],""schedule.txt"":[5512,5513,5514,5515,5516,5517,5518,5519],""status.txt"":[26747,26755,26763,26771,26779,26787,26795,26803]}",new_heldout,oral
hc_dpd_ce8c2274074c61e1,development,single_ingredient,hc_ing_87acb1e183a2b0f7,4231,GERMIPHENE CORPORATION,ORO CLEAR,"[""77648""]","[""02291096""]","[""626""]",1,"[""hc_dpd_ce8c2274074c61e1_en"",""hc_dpd_ce8c2274074c61e1_fr""]","{""comp.txt"":[3971],""drug.txt"":[3971],""form.txt"":[4010],""ingred.txt"":[5724],""route.txt"":[4734],""schedule.txt"":[4037],""status.txt"":[20794]}",inherited_development,other
hc_dpd_d0236101a6b99c56,heldout,single_ingredient,hc_ing_06c6b3b163ffa27a,11279,INO THERAPEUTICS,INOMAX,"[""75619""]","[""02270846""]","[""16163""]",1,"[""hc_dpd_d0236101a6b99c56_en"",""hc_dpd_d0236101a6b99c56_fr""]","{""comp.txt"":[3609],""drug.txt"":[3609],""form.txt"":[3645],""ingred.txt"":[5222],""route.txt"":[4309],""schedule.txt"":[3663],""status.txt"":[19094]}",new_heldout,inhaled_or_nasal
hc_dpd_d099fad485e70da1,heldout,single_ingredient,hc_ing_3b235ac6056d34b1,4415,JAMP PHARMA CORPORATION,SODIUM BICARBONATE INJECTION USP,"[""100560""]","[""02516225""]","[""9197""]",1,"[""hc_dpd_d099fad485e70da1_en"",""hc_dpd_d099fad485e70da1_fr""]","{""comp.txt"":[10981],""drug.txt"":[10981],""form.txt"":[11231],""ingred.txt"":[15891],""route.txt"":[13245],""schedule.txt"":[11318],""status.txt"":[44144]}",new_heldout,parenteral
hc_dpd_d1f32183370b0a73,heldout,multi_ingredient_multi_variant,hc_ing_5079276df635b573,17575,"BAUSCH HEALTH, CANADA INC.",EDARBYCLOR,"[""88267"",""88269""]","[""02397749"",""02397765""]","[""10135"",""21230""]",2,"[""hc_dpd_d1f32183370b0a73_en"",""hc_dpd_d1f32183370b0a73_fr""]","{""comp.txt"":[6350,6351],""drug.txt"":[6350,6351],""form.txt"":[6435,6436],""ingred.txt"":[9107,9108,9109,9110],""route.txt"":[7511,7512],""schedule.txt"":[6470,6471],""status.txt"":[30296,30304]}",new_heldout,oral
hc_dpd_d56491f43e6d2377,development,multi_variant,hc_ing_f12ea111f2edba33,9307,ASTRAZENECA CANADA INC,BRILINTA,"[""85352"",""94181""]","[""02368544"",""02455005""]","[""20742""]",2,"[""hc_dpd_d56491f43e6d2377_en"",""hc_dpd_d56491f43e6d2377_fr""]","{""comp.txt"":[5546,8150],""drug.txt"":[5546,8150],""form.txt"":[5620,8305],""ingred.txt"":[8020,11616],""route.txt"":[6584,9612],""schedule.txt"":[5644,8333],""status.txt"":[27235,36870]}",inherited_development,oral
hc_dpd_d793fa9756754dec,heldout,single_ingredient,hc_ing_1cd4f57251bdb116,12027,SANDOZ CANADA INCORPORATED,SANDOZ FLUOROMETHOLONE,"[""42778""]","[""00432814""]","[""7576""]",1,"[""hc_dpd_d793fa9756754dec_en"",""hc_dpd_d793fa9756754dec_fr""]","{""comp.txt"":[1869],""drug.txt"":[1869],""form.txt"":[1884],""ingred.txt"":[2832],""route.txt"":[2226],""schedule.txt"":[1878],""status.txt"":[9765]}",new_heldout,ophthalmic_or_otic
hc_dpd_d8f5db885f46fa2d,development,single_ingredient,hc_ing_9e8aba6e606821af,11979,AURO PHARMA INC,AURO-PROGESTERONE,"[""98357""]","[""02493578""]","[""7554""]",1,"[""hc_dpd_d8f5db885f46fa2d_en"",""hc_dpd_d8f5db885f46fa2d_fr""]","{""comp.txt"":[9922],""drug.txt"":[9922],""form.txt"":[10121],""ingred.txt"":[14163],""route.txt"":[11728],""schedule.txt"":[10207],""status.txt"":[41579]}",inherited_development,oral
hc_dpd_d98a09e572e983d5,heldout,multi_ingredient,hc_ing_1ce697af7fd98712,7277,NOVARTIS PHARMACEUTICALS CANADA INC,SIMBRINZA,"[""91973""]","[""02435411""]","[""11710"",""11799""]",1,"[""hc_dpd_d98a09e572e983d5_en"",""hc_dpd_d98a09e572e983d5_fr""]","{""comp.txt"":[7442],""drug.txt"":[7442],""form.txt"":[7573],""ingred.txt"":[10587,10588],""route.txt"":[8759],""schedule.txt"":[7596],""status.txt"":[34496]}",new_heldout,ophthalmic_or_otic
hc_dpd_d98eb0afeeb72237,development,multi_ingredient,hc_ing_42cf2a447b994eb5,19146,KENVUE CANADA INC.,SUDAFED SINUS ADVANCE,"[""65897""]","[""02242217""]","[""2609"",""6492""]",1,"[""hc_dpd_d98eb0afeeb72237_en"",""hc_dpd_d98eb0afeeb72237_fr""]","{""comp.txt"":[2624],""drug.txt"":[2624],""form.txt"":[2649],""ingred.txt"":[3827,3828],""route.txt"":[3136],""schedule.txt"":[2649],""status.txt"":[14347]}",inherited_development,oral
hc_dpd_da0bc262c3bc6472,heldout,multi_ingredient,hc_ing_a02943e185efa078,17575,"BAUSCH HEALTH, CANADA INC.",XERESE,"[""88879""]","[""02404044""]","[""1950"",""7532""]",1,"[""hc_dpd_da0bc262c3bc6472_en"",""hc_dpd_da0bc262c3bc6472_fr""]","{""comp.txt"":[6535],""drug.txt"":[6535],""form.txt"":[6625],""ingred.txt"":[9355,9356],""route.txt"":[7709],""schedule.txt"":[6669],""status.txt"":[31012]}",new_heldout,topical
hc_dpd_dafdf1c71fef5967,development,single_ingredient,hc_ing_eeafcf2e9d8037ab,12027,SANDOZ CANADA INCORPORATED,FLUMAZENIL INJECTION,"[""73439""]","[""02249561""]","[""1227""]",1,"[""hc_dpd_dafdf1c71fef5967_en"",""hc_dpd_dafdf1c71fef5967_fr""]","{""comp.txt"":[3299],""drug.txt"":[3299],""form.txt"":[3327],""ingred.txt"":[4735],""route.txt"":[3958],""schedule.txt"":[3343],""status.txt"":[17653]}",inherited_development,parenteral
hc_dpd_dcf77f4dbfed12b5,heldout,single_ingredient,hc_ing_ca78d80d2a29f11c,7259,JANSSEN INC,RYBREVANT,"[""101529""]","[""02526182""]","[""23711""]",1,"[""hc_dpd_dcf77f4dbfed12b5_en"",""hc_dpd_dcf77f4dbfed12b5_fr""]","{""comp.txt"":[11475],""drug.txt"":[11475],""form.txt"":[11741],""ingred.txt"":[16616],""route.txt"":[13854],""schedule.txt"":[11847,11848],""status.txt"":[45287]}",new_heldout,parenteral
hc_dpd_e2756ab087d7a22b,development,single_ingredient,hc_ing_13b3f39cb74686a1,17784,FORMATIVE PHARMA INC.,BUPIVACAINE HYDROCHLORIDE IN DEXTROSE INJECTION USP,"[""102546""]","[""02536714""]","[""2493""]",1,"[""hc_dpd_e2756ab087d7a22b_en"",""hc_dpd_e2756ab087d7a22b_fr""]","{""comp.txt"":[12090],""drug.txt"":[12090],""form.txt"":[12361],""ingred.txt"":[17545],""route.txt"":[14550],""schedule.txt"":[12506],""status.txt"":[46637]}",inherited_development,other
hc_dpd_e39b85faf09255f6,heldout,multi_ingredient_multi_variant,hc_ing_2036441367765786,5034,LABORATOIRE RIVA INC.,RIVA-TELMISARTAN/AMLODIPINE,"[""106296"",""106297"",""106298"",""106299""]","[""02559854"",""02559862"",""02559870"",""02559889""]","[""11344"",""11907""]",4,"[""hc_dpd_e39b85faf09255f6_en"",""hc_dpd_e39b85faf09255f6_fr""]","{""comp.txt"":[13363,13364,13365,13366],""drug.txt"":[13363,13364,13365,13366],""form.txt"":[13658,13659,13660,13661],""ingred.txt"":[19479,19480,19481,19482,19483,19484,19485,19486],""route.txt"":[15967,15968,15969,15970],""schedule.txt"":[13888,13889,13890,13891],""status.txt"":[49378,49380,49383,49385]}",new_heldout,oral
hc_dpd_e3e74722c86d8f79,heldout,multi_ingredient,hc_ing_c9a024e8b57b6984,14318,TEVA CANADA LIMITED,TEVA-LENOLTEC NO. 1,"[""6763""]","[""00653233""]","[""270"",""9131"",""9358""]",1,"[""hc_dpd_e3e74722c86d8f79_en"",""hc_dpd_e3e74722c86d8f79_fr""]","{""comp.txt"":[565],""drug.txt"":[565],""form.txt"":[566],""ingred.txt"":[813,814,815],""route.txt"":[681],""schedule.txt"":[565],""status.txt"":[2873]}",new_heldout,oral
hc_dpd_e4c13ba9702f3c54,heldout,multi_ingredient_multi_variant,hc_ing_d07d72e124024694,14108,TAKEDA CANADA INC,HYQVIA,"[""101339"",""101340"",""101341"",""101342"",""101343""]","[""02524368"",""02524376"",""02524384"",""02524392"",""02524406""]","[""22953"",""23269""]",5,"[""hc_dpd_e4c13ba9702f3c54_en"",""hc_dpd_e4c13ba9702f3c54_fr""]","{""comp.txt"":[11372,11373,11374,11375,11376],""drug.txt"":[11372,11373,11374,11375,11376],""form.txt"":[11635,11636,11637,11638,11639],""ingred.txt"":[16453,16454,16455,16456,16457,16458,16459,16460,16461,16462],""route.txt"":[13723,13724,13725,13726,13727],""schedule.txt"":[11740,11741,11742,11743,11744],""status.txt"":[45050,45052,45054,45056,45058]}",new_heldout,parenteral
hc_dpd_e5a069d0814df86b,heldout,multi_ingredient,hc_ing_9197e8cfd5537274,3798,BRISTOL-MYERS SQUIBB CANADA,OPDUALAG,"[""103005""]","[""02541416""]","[""22643"",""23871""]",1,"[""hc_dpd_e5a069d0814df86b_en"",""hc_dpd_e5a069d0814df86b_fr""]","{""comp.txt"":[12383],""drug.txt"":[12383],""form.txt"":[12657],""ingred.txt"":[18000,18001],""route.txt"":[14874],""schedule.txt"":[12813,12814],""status.txt"":[47286]}",new_heldout,parenteral
hc_dpd_e86a94045960003f,heldout,multi_ingredient_multi_variant,hc_ing_267322e9ac2e99bd,7277,NOVARTIS PHARMACEUTICALS CANADA INC,TOBRADEX,"[""11068"",""10971""]","[""00778907"",""00778915""]","[""7600"",""8565""]",2,"[""hc_dpd_e86a94045960003f_en"",""hc_dpd_e86a94045960003f_fr""]","{""comp.txt"":[891,900],""drug.txt"":[891,900],""form.txt"":[892,901],""ingred.txt"":[1323,1324,1337,1338],""route.txt"":[1054,1066],""schedule.txt"":[892,901],""status.txt"":[4285,4315]}",new_heldout,ophthalmic_or_otic
hc_dpd_ea043548b4c687ae,heldout,multi_ingredient,hc_ing_d5604fa1d566856f,16778,GLENMARK PHARMACEUTICALS CANADA INC.,TRI-JORDYNA 21,"[""97651""]","[""02486296""]","[""7426"",""7492""]",1,"[""hc_dpd_ea043548b4c687ae_en"",""hc_dpd_ea043548b4c687ae_fr""]","{""comp.txt"":[9555],""drug.txt"":[9555],""form.txt"":[9747],""ingred.txt"":[13551,13552,13553,13554,13555,13556],""route.txt"":[11312],""schedule.txt"":[9823],""status.txt"":[40658]}",new_heldout,oral
hc_dpd_eb4abd12219eb308,heldout,multi_ingredient,hc_ing_18b1da02ad79e975,3636,APOTEX INC,APO-OXYCODONE/ACET,"[""81005""]","[""02324628""]","[""270"",""6165""]",1,"[""hc_dpd_eb4abd12219eb308_en"",""hc_dpd_eb4abd12219eb308_fr""]","{""comp.txt"":[4688],""drug.txt"":[4688],""form.txt"":[4737],""ingred.txt"":[6662,6663],""route.txt"":[5551],""schedule.txt"":[4766],""status.txt"":[23937]}",new_heldout,oral
hc_dpd_eb9e996547d4d04c,heldout,single_ingredient,hc_ing_4deb63b953f9de50,13936,MANTRA PHARMA INC,M-TERIFLUNOMIDE,"[""101289""]","[""02523833""]","[""22169""]",1,"[""hc_dpd_eb9e996547d4d04c_en"",""hc_dpd_eb9e996547d4d04c_fr""]","{""comp.txt"":[11345],""drug.txt"":[11345],""form.txt"":[11608],""ingred.txt"":[16423],""route.txt"":[13696],""schedule.txt"":[11707],""status.txt"":[44986]}",new_heldout,oral
hc_dpd_edd0bc791aa8fcd4,heldout,multi_ingredient_multi_variant,hc_ing_bb13e2332415185f,11357,INSTITUTO GRIFOLS S.A.,VISTASEAL,"[""100339"",""100340"",""100342""]","[""02514222"",""02514230"",""02514257""]","[""11564"",""17119""]",3,"[""hc_dpd_edd0bc791aa8fcd4_en"",""hc_dpd_edd0bc791aa8fcd4_fr""]","{""comp.txt"":[10910,10911,10912],""drug.txt"":[10910,10911,10912],""form.txt"":[11158,11159,11160],""ingred.txt"":[15800,15801,15802,15803,15804,15805],""route.txt"":[13144,13145,13146],""schedule.txt"":[11244,11245,11246],""status.txt"":[43977,43980,43982]}",new_heldout,topical
hc_dpd_ee9f6a69de5e3799,heldout,multi_variant,hc_ing_30eec89ddd9c342e,5034,LABORATOIRE RIVA INC.,RIVA-GABAPENTIN,"[""73612"",""73613"",""73614"",""74506"",""74507""]","[""02251167"",""02251175"",""02251183"",""02259796"",""02259818""]","[""470""]",5,"[""hc_dpd_ee9f6a69de5e3799_en"",""hc_dpd_ee9f6a69de5e3799_fr""]","{""comp.txt"":[3320,3321,3322,3447,3448],""drug.txt"":[3320,3321,3322,3447,3448],""form.txt"":[3349,3350,3351,3479,3480],""ingred.txt"":[4759,4760,4761,4983,4984],""route.txt"":[3980,3981,3982,4125,4126],""schedule.txt"":[3365,3366,3367,3494,3495],""status.txt"":[17745,17749,17755,18323,18328]}",new_heldout,oral
hc_dpd_f06da70ebbca5c35,heldout,multi_variant,hc_ing_a3ee76bc34cc901c,16816,KNIGHT THERAPEUTICS INC.,IMVEXXY,"[""99313"",""99314""]","[""02503689"",""02503697""]","[""7419""]",2,"[""hc_dpd_f06da70ebbca5c35_en"",""hc_dpd_f06da70ebbca5c35_fr""]","{""comp.txt"":[10423,10424],""drug.txt"":[10423,10424],""form.txt"":[10648,10649],""ingred.txt"":[15098,15099],""route.txt"":[12435,12436],""schedule.txt"":[10735,10736],""status.txt"":[42783,42785]}",new_heldout,other
hc_dpd_f420c0c5b5ab1056,heldout,single_ingredient,hc_ing_724c34e3d1eb1b3a,16778,GLENMARK PHARMACEUTICALS CANADA INC.,GLN-ATOVAQUONE,"[""101772""]","[""02528495""]","[""8317""]",1,"[""hc_dpd_f420c0c5b5ab1056_en"",""hc_dpd_f420c0c5b5ab1056_fr""]","{""comp.txt"":[11601],""drug.txt"":[11601],""form.txt"":[11868],""ingred.txt"":[16835],""route.txt"":[13994],""schedule.txt"":[11983],""status.txt"":[45579]}",new_heldout,oral
hc_dpd_f545d278184d6288,heldout,multi_ingredient,hc_ing_a226758451015fc1,17559,SUN PHARMA CANADA INC,TARO-IMIPENEM-CILASTATIN,"[""83696""]","[""02351706""]","[""1390"",""11321""]",1,"[""hc_dpd_f545d278184d6288_en"",""hc_dpd_f545d278184d6288_fr""]","{""comp.txt"":[5107],""drug.txt"":[5107],""form.txt"":[5170],""ingred.txt"":[7323,7324],""route.txt"":[6076],""schedule.txt"":[5201],""status.txt"":[25667]}",new_heldout,parenteral
hc_dpd_f5df486c72f06db7,heldout,single_ingredient,hc_ing_84a5092e4a5b6fe9,4225,GALDERMA CANADA INC.,DIFFERIN XP,"[""75946""]","[""02274000""]","[""224""]",1,"[""hc_dpd_f5df486c72f06db7_en"",""hc_dpd_f5df486c72f06db7_fr""]","{""comp.txt"":[3668],""drug.txt"":[3668],""form.txt"":[3707],""ingred.txt"":[5327],""route.txt"":[4377],""schedule.txt"":[3727],""status.txt"":[19408]}",new_heldout,topical
hc_dpd_f5e70d694b6f508a,heldout,single_ingredient,hc_ing_d039a06ee0b36c5e,7259,JANSSEN INC,SPRAVATO,"[""98903""]","[""02499290""]","[""23459""]",1,"[""hc_dpd_f5e70d694b6f508a_en"",""hc_dpd_f5e70d694b6f508a_fr""]","{""comp.txt"":[10241],""drug.txt"":[10241],""form.txt"":[10457],""ingred.txt"":[14767],""route.txt"":[12130],""schedule.txt"":[10543],""status.txt"":[42332]}",new_heldout,inhaled_or_nasal
hc_dpd_f6ac4eef7b8fe02c,heldout,single_ingredient,hc_ing_5e12fecf37fa71ce,17080,HORIZON THERAPEUTICS IRELAND DAC,QUINSAIR,"[""92667""]","[""02442302""]","[""11705""]",1,"[""hc_dpd_f6ac4eef7b8fe02c_en"",""hc_dpd_f6ac4eef7b8fe02c_fr""]","{""comp.txt"":[7659],""drug.txt"":[7659],""form.txt"":[7797],""ingred.txt"":[10936],""route.txt"":[9012],""schedule.txt"":[7817],""status.txt"":[35362]}",new_heldout,inhaled_or_nasal
hc_dpd_f6c6e65ecfebf5a9,heldout,multi_ingredient,hc_ing_283615a456815224,3636,APOTEX INC,APO-TRAVOPROST-TIMOP PQ,"[""89992""]","[""02415305""]","[""11163"",""12477""]",1,"[""hc_dpd_f6c6e65ecfebf5a9_en"",""hc_dpd_f6c6e65ecfebf5a9_fr""]","{""comp.txt"":[6850],""drug.txt"":[6850],""form.txt"":[6949],""ingred.txt"":[9814,9815],""route.txt"":[8070],""schedule.txt"":[6990],""status.txt"":[32255]}",new_heldout,ophthalmic_or_otic
hc_dpd_f829efbf633af9e9,heldout,single_ingredient,hc_ing_dfcafae694259c71,3636,APOTEX INC,HEARTBURN CONTROL,"[""92002""]","[""02435683""]","[""1250""]",1,"[""hc_dpd_f829efbf633af9e9_en"",""hc_dpd_f829efbf633af9e9_fr""]","{""comp.txt"":[7449],""drug.txt"":[7449],""form.txt"":[7581],""ingred.txt"":[10598],""route.txt"":[8767],""schedule.txt"":[7603],""status.txt"":[34517]}",new_heldout,oral
hc_dpd_f8e67f7fbd96cbac,development,multi_variant,hc_ing_2f1d5eed0e931e79,4901,PRO DOC LIMITEE,PRO-ELETRIPTAN,"[""98004"",""98005""]","[""02489961"",""02489988""]","[""13346""]",2,"[""hc_dpd_f8e67f7fbd96cbac_en"",""hc_dpd_f8e67f7fbd96cbac_fr""]","{""comp.txt"":[9730,9731],""drug.txt"":[9730,9731],""form.txt"":[9926,9927],""ingred.txt"":[13839,13840],""route.txt"":[11525,11526],""schedule.txt"":[10007,10008],""status.txt"":[41112,41117]}",inherited_development,oral
hc_dpd_fb8033754bd134c2,heldout,single_ingredient,hc_ing_75d568195bd3365f,14907,MARCAN PHARMACEUTICALS INC,MAR-TROSPIUM,"[""97846""]","[""02488353""]","[""17368""]",1,"[""hc_dpd_fb8033754bd134c2_en"",""hc_dpd_fb8033754bd134c2_fr""]","{""comp.txt"":[9651],""drug.txt"":[9651],""form.txt"":[9846],""ingred.txt"":[13710],""route.txt"":[11426],""schedule.txt"":[9925],""status.txt"":[40925]}",new_heldout,oral
hc_dpd_fc7be4e0d4cf22f5,heldout,single_ingredient,hc_ing_7865f058a4125f8d,8892,STERIMAX INC,CISATRACURIUM BESYLATE INJECTION USP MULTI-DOSE,"[""106606""]","[""02563266""]","[""11084""]",1,"[""hc_dpd_fc7be4e0d4cf22f5_en"",""hc_dpd_fc7be4e0d4cf22f5_fr""]","{""comp.txt"":[13468],""drug.txt"":[13468],""form.txt"":[13764],""ingred.txt"":[19622],""route.txt"":[16077],""schedule.txt"":[14012],""status.txt"":[49602]}",new_heldout,parenteral
hc_dpd_fce80269123b44eb,heldout,single_ingredient,hc_ing_d570a8ac4a9ab048,4328,HOFFMANN-LA ROCHE LIMITED,HERCEPTIN SC,"[""97124""]","[""02480697""]","[""11905""]",1,"[""hc_dpd_fce80269123b44eb_en"",""hc_dpd_fce80269123b44eb_fr""]","{""comp.txt"":[9292],""drug.txt"":[9292],""form.txt"":[9472],""ingred.txt"":[13201],""route.txt"":[10989],""schedule.txt"":[9544,9545],""status.txt"":[39976]}",new_heldout,parenteral
hc_dpd_ff2fd69df5240e38,heldout,single_ingredient,hc_ing_21113a3f71a6ecda,14256,ANGITA PHARMA INC.,AG-CYCLOBENZAPRINE,"[""97566""]","[""02485419""]","[""2143""]",1,"[""hc_dpd_ff2fd69df5240e38_en"",""hc_dpd_ff2fd69df5240e38_fr""]","{""comp.txt"":[9514],""drug.txt"":[9514],""form.txt"":[9702],""ingred.txt"":[13505],""route.txt"":[11256],""schedule.txt"":[9777],""status.txt"":[40551]}",new_heldout,oral
