candidate_order,product_id,brand_name,stratum,route_group,status,stage,reason
1,hc_dpd_0e64b57edf3df6c4,APO-ALLOPURINOL TABLETS,multi_variant,oral,retained,inherited_development,Exposed 0.1.0 pilot product retained as development data.
2,hc_dpd_1189b6a74cab5ab2,MYLAN-VARDENAFIL,multi_variant,oral,retained,inherited_development,Exposed 0.1.0 pilot product retained as development data.
3,hc_dpd_1bcde8f71d81c99f,ANUSOL-HC OINTMENT,multi_ingredient,other,retained,inherited_development,Exposed 0.1.0 pilot product retained as development data.
4,hc_dpd_28787c405835368e,AG-VITAMINE D TABLETS,single_ingredient,oral,retained,inherited_development,Exposed 0.1.0 pilot product retained as development data.
5,hc_dpd_2c2174190b036b5a,MAXIMUM STRENGTH ACID REDUCER WITHOUT PRESCRIPTION,single_ingredient,oral,retained,inherited_development,Exposed 0.1.0 pilot product retained as development data.
6,hc_dpd_2dcb457e633b3402,JULUCA,multi_ingredient,oral,retained,inherited_development,Exposed 0.1.0 pilot product retained as development data.
7,hc_dpd_2fc21f129a5c9b0a,ZYNYZ,single_ingredient,parenteral,retained,inherited_development,Exposed 0.1.0 pilot product retained as development data.
8,hc_dpd_30aba3a7347bf952,JAMP AMIODARONE,single_ingredient,oral,retained,inherited_development,Exposed 0.1.0 pilot product retained as development data.
9,hc_dpd_3188d041219430c6,NYDA,single_ingredient,topical,retained,inherited_development,Exposed 0.1.0 pilot product retained as development data.
10,hc_dpd_32f64d7617d42b75,TEVIMBRA,single_ingredient,parenteral,retained,inherited_development,Exposed 0.1.0 pilot product retained as development data.
11,hc_dpd_368497cc07261e3e,ATOMOXETINE,multi_variant,oral,retained,inherited_development,Exposed 0.1.0 pilot product retained as development data.
12,hc_dpd_3c7a02c6dfa581f0,TAVALISSE,multi_variant,oral,retained,inherited_development,Exposed 0.1.0 pilot product retained as development data.
13,hc_dpd_467237d19b6080fa,ADACEL,multi_ingredient,parenteral,retained,inherited_development,Exposed 0.1.0 pilot product retained as development data.
14,hc_dpd_486e43c7e5c72b57,COMBOGESIC,multi_ingredient,oral,retained,inherited_development,Exposed 0.1.0 pilot product retained as development data.
15,hc_dpd_524f46556d9e7ecb,QUETIAPINE,multi_variant,oral,retained,inherited_development,Exposed 0.1.0 pilot product retained as development data.
16,hc_dpd_57efb40bc22ca21c,PMS-EMTRICITABINE-TENOFOVIR,multi_ingredient,oral,retained,inherited_development,Exposed 0.1.0 pilot product retained as development data.
17,hc_dpd_57f05e10f203066a,SANDOZ VENLAFAXINE XR,multi_variant,oral,retained,inherited_development,Exposed 0.1.0 pilot product retained as development data.
18,hc_dpd_5966e2911f55e6b1,CHOLEDYL EXPECTORANT,multi_ingredient,oral,retained,inherited_development,Exposed 0.1.0 pilot product retained as development data.
19,hc_dpd_59866f3bf88da67c,ACH-BICALUTAMIDE,single_ingredient,oral,retained,inherited_development,Exposed 0.1.0 pilot product retained as development data.
20,hc_dpd_7549c78320e483e3,TEVA-IPRATROPIUM STERINEBS,single_ingredient,inhaled_or_nasal,retained,inherited_development,Exposed 0.1.0 pilot product retained as development data.
21,hc_dpd_771eaf63bd1bf1d7,NAT-IMATINIB,multi_variant,oral,retained,inherited_development,Exposed 0.1.0 pilot product retained as development data.
22,hc_dpd_7c564b021ccc75e5,LATISSE,single_ingredient,topical,retained,inherited_development,Exposed 0.1.0 pilot product retained as development data.
23,hc_dpd_83027a6372dd02be,VYNDAQEL,single_ingredient,oral,retained,inherited_development,Exposed 0.1.0 pilot product retained as development data.
24,hc_dpd_832be5088084b7fa,ULTIBRO BREEZHALER,multi_ingredient,inhaled_or_nasal,retained,inherited_development,Exposed 0.1.0 pilot product retained as development data.
25,hc_dpd_853162ea2c353ecb,AG-LATANOPROST,single_ingredient,ophthalmic_or_otic,retained,inherited_development,Exposed 0.1.0 pilot product retained as development data.
26,hc_dpd_90c34aee86855e30,APO-AZELASTINE/FLUTICASONE,multi_ingredient,inhaled_or_nasal,retained,inherited_development,Exposed 0.1.0 pilot product retained as development data.
27,hc_dpd_9ad870d869b86719,ACTIVELLE,multi_ingredient,oral,retained,inherited_development,Exposed 0.1.0 pilot product retained as development data.
28,hc_dpd_af71ca70a95d1a2d,LISINOPRIL (TYPE Z),multi_variant,oral,retained,inherited_development,Exposed 0.1.0 pilot product retained as development data.
29,hc_dpd_b2ae33ee64e13a77,HEPARIN SODIUM INJECTION USP,single_ingredient,parenteral,retained,inherited_development,Exposed 0.1.0 pilot product retained as development data.
30,hc_dpd_b2e29a0786795152,PDP-AMLODIPINE,single_ingredient,oral,retained,inherited_development,Exposed 0.1.0 pilot product retained as development data.
31,hc_dpd_b35e1ec6cb452259,BORTEZOMIB FOR INJECTION,single_ingredient,parenteral,retained,inherited_development,Exposed 0.1.0 pilot product retained as development data.
32,hc_dpd_b9d6fcfa334ba454,POTELIGEO,single_ingredient,parenteral,retained,inherited_development,Exposed 0.1.0 pilot product retained as development data.
33,hc_dpd_c8e96c44873b5890,REDDY-CLOBETASOL SHAMPOO,single_ingredient,topical,retained,inherited_development,Exposed 0.1.0 pilot product retained as development data.
34,hc_dpd_ce8c2274074c61e1,ORO CLEAR,single_ingredient,other,retained,inherited_development,Exposed 0.1.0 pilot product retained as development data.
35,hc_dpd_d56491f43e6d2377,BRILINTA,multi_variant,oral,retained,inherited_development,Exposed 0.1.0 pilot product retained as development data.
36,hc_dpd_d8f5db885f46fa2d,AURO-PROGESTERONE,single_ingredient,oral,retained,inherited_development,Exposed 0.1.0 pilot product retained as development data.
37,hc_dpd_d98eb0afeeb72237,SUDAFED SINUS ADVANCE,multi_ingredient,oral,retained,inherited_development,Exposed 0.1.0 pilot product retained as development data.
38,hc_dpd_dafdf1c71fef5967,FLUMAZENIL INJECTION,single_ingredient,parenteral,retained,inherited_development,Exposed 0.1.0 pilot product retained as development data.
39,hc_dpd_e2756ab087d7a22b,BUPIVACAINE HYDROCHLORIDE IN DEXTROSE INJECTION USP,single_ingredient,other,retained,inherited_development,Exposed 0.1.0 pilot product retained as development data.
40,hc_dpd_f8e67f7fbd96cbac,PRO-ELETRIPTAN,multi_variant,oral,retained,inherited_development,Exposed 0.1.0 pilot product retained as development data.
41,hc_dpd_c791918a17ee5a36,APO-FLUCONAZOLE-150,single_ingredient,oral,retained,new_heldout,"Bilingual source, variant-link, language, text, and automated fact-evidence checks passed; human audit pending."
42,hc_dpd_3706fa04b9da9f8a,ZYPREXA INTRAMUSCULAR,single_ingredient,parenteral,excluded,document_availability,fr Product Monograph missing for DPD codes 71336
43,hc_dpd_52ce9acfa17b867b,PROACTIV CLEANSE,single_ingredient,topical,excluded,document_availability,en Product Monograph missing for DPD codes 87639
44,hc_dpd_44b92efa65415c2f,TARO-DICLOFENAC POTASSIUM POWDER FOR ORAL SOLUTION,single_ingredient,oral,excluded,fact_alignment,No source evidence found for hc_dpd_44b92efa65415c2f_en dosage_forms='POWDER FOR SOLUTION'
45,hc_dpd_17909e315d0a50e0,SOFTSOAP ANTIBACTERIAL,single_ingredient,other,excluded,document_availability,en Product Monograph missing for DPD codes 89148
46,hc_dpd_5a98c1fd7eec54c1,"FENTANYL CITRATE INJECTION, USP",single_ingredient,parenteral,excluded,fact_alignment,"No source evidence found for hc_dpd_5a98c1fd7eec54c1_fr brand_name='FENTANYL CITRATE INJECTION, USP'"
47,hc_dpd_e26eab75659a8c74,DRIXORAL DECONGESTANT NASAL SPRAY,single_ingredient,inhaled_or_nasal,excluded,document_availability,en Product Monograph missing for DPD codes 41903
48,hc_dpd_24472307cccc0fba,THERATEARS LUBRICANT EYE DROPS,single_ingredient,ophthalmic_or_otic,excluded,document_availability,en Product Monograph missing for DPD codes 73225
49,hc_dpd_93ecd83ae36b4dc5,PDP-ACETAMINOPHEN SOLUTION 160MG/5ML,single_ingredient,oral,excluded,document_availability,en Product Monograph missing for DPD codes 10450
50,hc_dpd_412627fe43ba7d28,BUTRANS 15,single_ingredient,topical,retained,new_heldout,"Bilingual source, variant-link, language, text, and automated fact-evidence checks passed; human audit pending."
51,hc_dpd_fe65fe8b1b4150ae,ORAVERSE,single_ingredient,other,excluded,document_availability,fr Product Monograph missing for DPD codes 90632
52,hc_dpd_02541998a8cc5df7,ACETAMINOPHEN CHEWABLE TABLETS 80 MG,single_ingredient,oral,excluded,document_availability,en Product Monograph missing for DPD codes 11794
53,hc_dpd_03b846e2e2a869b7,VOCARVI,single_ingredient,parenteral,retained,new_heldout,"Bilingual source, variant-link, language, text, and automated fact-evidence checks passed; human audit pending."
54,hc_dpd_f5df486c72f06db7,DIFFERIN XP,single_ingredient,topical,retained,new_heldout,"Bilingual source, variant-link, language, text, and automated fact-evidence checks passed; human audit pending."
55,hc_dpd_2a0ff0f0f24451ad,PRO-ANASTROZOLE,single_ingredient,oral,retained,new_heldout,"Bilingual source, variant-link, language, text, and automated fact-evidence checks passed; human audit pending."
56,hc_dpd_c969519115e21ee6,ACET 120,single_ingredient,other,retained,new_heldout,"Bilingual source, variant-link, language, text, and automated fact-evidence checks passed; human audit pending."
57,hc_dpd_8ef9df413e2736fb,LINEZOLID INJECTION,single_ingredient,parenteral,excluded,fact_alignment,No source evidence found for hc_dpd_8ef9df413e2736fb_fr brand_name='LINEZOLID INJECTION'
58,hc_dpd_73d43460d5e5ae6a,MOMETASONE,single_ingredient,inhaled_or_nasal,excluded,fact_alignment,"No source evidence found for hc_dpd_73d43460d5e5ae6a_en dosage_forms='SPRAY, METERED DOSE'"
59,hc_dpd_5fe4ef074cfcefc2,LUMIFY,single_ingredient,ophthalmic_or_otic,retained,new_heldout,"Bilingual source, variant-link, language, text, and automated fact-evidence checks passed; human audit pending."
60,hc_dpd_f420c0c5b5ab1056,GLN-ATOVAQUONE,single_ingredient,oral,retained,new_heldout,"Bilingual source, variant-link, language, text, and automated fact-evidence checks passed; human audit pending."
61,hc_dpd_501943efdf962fd6,MYOFLEX MAXIMUM STRENGTH,single_ingredient,topical,excluded,document_availability,en Product Monograph missing for DPD codes 68558
62,hc_dpd_2283d1d761151d50,CERVIDIL,single_ingredient,other,retained,new_heldout,"Bilingual source, variant-link, language, text, and automated fact-evidence checks passed; human audit pending."
63,hc_dpd_9772d28a10089a76,BARACLUDE,single_ingredient,oral,retained,new_heldout,"Bilingual source, variant-link, language, text, and automated fact-evidence checks passed; human audit pending."
64,hc_dpd_9c3a84f1cb5062cf,VISUDYNE,single_ingredient,parenteral,excluded,fact_alignment,No source evidence found for hc_dpd_9c3a84f1cb5062cf_en dosage_forms='POWDER FOR SOLUTION'
65,hc_dpd_1ba90e07487da5b7,BENZAGEL 5 GEL,single_ingredient,topical,excluded,document_availability,en Product Monograph missing for DPD codes 34258
66,hc_dpd_b34a5336e75d823b,MED-EXEMESTANE,single_ingredient,oral,excluded,fact_alignment,No source evidence found for hc_dpd_b34a5336e75d823b_fr brand_name='MED-EXEMESTANE'
67,hc_dpd_92d519855579fbb9,RIMSO-50,single_ingredient,other,retained,new_heldout,"Bilingual source, variant-link, language, text, and automated fact-evidence checks passed; human audit pending."
68,hc_dpd_305b91980d275993,VORICONAZOLE FOR INJECTION,single_ingredient,parenteral,excluded,fact_alignment,No source evidence found for hc_dpd_305b91980d275993_fr brand_name='VORICONAZOLE FOR INJECTION'
69,hc_dpd_2debd5ca607e1d4c,OXYGEN USP,single_ingredient,inhaled_or_nasal,excluded,document_availability,en Product Monograph missing for DPD codes 72159
70,hc_dpd_c07814bd092f119d,VERKAZIA,single_ingredient,ophthalmic_or_otic,retained,new_heldout,"Bilingual source, variant-link, language, text, and automated fact-evidence checks passed; human audit pending."
71,hc_dpd_c3bdaf46ee6dcc7c,PMS-PREDNISOLONE,single_ingredient,oral,retained,new_heldout,"Bilingual source, variant-link, language, text, and automated fact-evidence checks passed; human audit pending."
72,hc_dpd_8cf253461dffe8e8,PROACTIV+ SKIN SMOOTHING EXFOLIATOR,single_ingredient,topical,excluded,document_availability,en Product Monograph missing for DPD codes 87959
73,hc_dpd_8a9709bb88e823d8,NIDAGEL,single_ingredient,other,retained,new_heldout,"Bilingual source, variant-link, language, text, and automated fact-evidence checks passed; human audit pending."
74,hc_dpd_42c73e84b3220bf6,RIVASA 81 MG EC,single_ingredient,oral,excluded,fact_alignment,No source evidence found for hc_dpd_42c73e84b3220bf6_en dosage_forms='TABLET (DELAYED-RELEASE)'
75,hc_dpd_060e6ee19efabc0e,ONDANSETRON INJECTION USP -(PRESERVATIVE FREE),single_ingredient,parenteral,excluded,fact_alignment,No source evidence found for hc_dpd_060e6ee19efabc0e_fr brand_name='ONDANSETRON INJECTION USP -(PRESERVATIVE FREE)'
76,hc_dpd_ad7c861487b55114,MYLAN-NITRO PATCH 0.2,single_ingredient,topical,excluded,fact_alignment,No source evidence found for hc_dpd_ad7c861487b55114_en dosage_forms='PATCH (EXTENDED RELEASE)'
77,hc_dpd_c84c12fc4132fe68,CLARITIN KIDS,single_ingredient,oral,retained,new_heldout,"Bilingual source, variant-link, language, text, and automated fact-evidence checks passed; human audit pending."
78,hc_dpd_05026dd61ad3ea71,DIAL FOAMING ANTIBACTERIAL HAND WASH,single_ingredient,other,excluded,document_availability,en Product Monograph missing for DPD codes 95295
79,hc_dpd_ff6f016770fc48c4,"OXALIPLATIN INJECTION, USP",single_ingredient,parenteral,excluded,fact_alignment,"No source evidence found for hc_dpd_ff6f016770fc48c4_fr brand_name='OXALIPLATIN INJECTION, USP'"
80,hc_dpd_7e495a36a5469d3a,TOBI PODHALER,single_ingredient,inhaled_or_nasal,retained,new_heldout,"Bilingual source, variant-link, language, text, and automated fact-evidence checks passed; human audit pending."
81,hc_dpd_9fcac5408ceaac3e,ODAN-TROPICAMIDE,single_ingredient,ophthalmic_or_otic,retained,new_heldout,"Bilingual source, variant-link, language, text, and automated fact-evidence checks passed; human audit pending."
82,hc_dpd_1fc393aea185226a,PRO-AMOX-250,single_ingredient,oral,retained,new_heldout,"Bilingual source, variant-link, language, text, and automated fact-evidence checks passed; human audit pending."
83,hc_dpd_faf95d3484bbadfb,CANESTEN 1% TOPICAL CREAM,single_ingredient,topical,excluded,fact_alignment,No source evidence found for hc_dpd_faf95d3484bbadfb_fr brand_name='CANESTEN 1% TOPICAL CREAM'
84,hc_dpd_97fc1d09ecf78eaa,CYSVIEW,single_ingredient,other,excluded,fact_alignment,No source evidence found for hc_dpd_97fc1d09ecf78eaa_fr dosage_forms='Poudre pour solution'
85,hc_dpd_b7a4a5100da434ff,BENYLIN FOR CHILDREN COUGH NIGHT,single_ingredient,oral,excluded,document_availability,en Product Monograph missing for DPD codes 73230
86,hc_dpd_bf90830f437dacd1,IXIARO,single_ingredient,parenteral,retained,new_heldout,"Bilingual source, variant-link, language, text, and automated fact-evidence checks passed; human audit pending."
87,hc_dpd_d5c6fab9e0d72e0d,TINACTIN,single_ingredient,topical,excluded,document_availability,en Product Monograph missing for DPD codes 41608
88,hc_dpd_eb9e996547d4d04c,M-TERIFLUNOMIDE,single_ingredient,oral,retained,new_heldout,"Bilingual source, variant-link, language, text, and automated fact-evidence checks passed; human audit pending."
89,hc_dpd_6077a296f199a53d,TARO-TERCONAZOLE,single_ingredient,other,excluded,document_availability,fr Product Monograph missing for DPD codes 71914
90,hc_dpd_9908d483ea914707,EPIPEN,single_ingredient,parenteral,excluded,document_availability,fr Product Monograph missing for DPD codes 3883
91,hc_dpd_a1c9656fb565c014,APO-TIOTROPIUM,single_ingredient,inhaled_or_nasal,excluded,document_availability,fr Product Monograph missing for DPD codes 103964
92,hc_dpd_5ce855998b1a2d05,TIMOPTIC,single_ingredient,ophthalmic_or_otic,excluded,document_availability,fr Product Monograph missing for DPD codes 3186
93,hc_dpd_437dd0dd489c567a,ALLEGRA 12 HOUR,single_ingredient,oral,excluded,document_availability,fr Product Monograph missing for DPD codes 50779
94,hc_dpd_b190d54700d16daf,SCOTT FOAM HAND SANITIZER,single_ingredient,topical,excluded,document_availability,en Product Monograph missing for DPD codes 97189
95,hc_dpd_ae1a64ec9cc9994e,ISOVUE MULTIPACK-370,single_ingredient,other,excluded,document_availability,fr Product Monograph missing for DPD codes 65799
96,hc_dpd_489efed4242295ea,CETIRIZINE EXTRA STRENGTH,single_ingredient,oral,excluded,document_availability,fr Product Monograph missing for DPD codes 100694
97,hc_dpd_b118c3ec86f7f344,AZITHROMYCIN FOR INJECTION,single_ingredient,parenteral,excluded,fact_alignment,No source evidence found for hc_dpd_b118c3ec86f7f344_fr brand_name='AZITHROMYCIN FOR INJECTION'
98,hc_dpd_a718725b15dfa81f,POSITIVE SKIN TEST CONTROL-HISTAMINE,single_ingredient,topical,excluded,document_validation,"PDF language could not be validated (English markers=4, French markers=2)"
99,hc_dpd_f829efbf633af9e9,HEARTBURN CONTROL,single_ingredient,oral,retained,new_heldout,"Bilingual source, variant-link, language, text, and automated fact-evidence checks passed; human audit pending."
100,hc_dpd_916c8f1366538245,CALCIUM CHLORIDE FOR HAEMODIALYSIS,single_ingredient,other,excluded,document_availability,en Product Monograph missing for DPD codes 87315
101,hc_dpd_432d18d1cd566f25,OSENVELT,single_ingredient,parenteral,retained,new_heldout,"Bilingual source, variant-link, language, text, and automated fact-evidence checks passed; human audit pending."
102,hc_dpd_92507a955d8de8ac,SEVOFLURANE,single_ingredient,inhaled_or_nasal,retained,new_heldout,"Bilingual source, variant-link, language, text, and automated fact-evidence checks passed; human audit pending."
103,hc_dpd_710c7a472f8dbf87,CYSTADROPS,single_ingredient,ophthalmic_or_otic,retained,new_heldout,"Bilingual source, variant-link, language, text, and automated fact-evidence checks passed; human audit pending."
104,hc_dpd_fb8033754bd134c2,MAR-TROSPIUM,single_ingredient,oral,retained,new_heldout,"Bilingual source, variant-link, language, text, and automated fact-evidence checks passed; human audit pending."
105,hc_dpd_b9fa8cf66f2236dc,CATHEJELL,single_ingredient,topical,retained,new_heldout,"Bilingual source, variant-link, language, text, and automated fact-evidence checks passed; human audit pending."
106,hc_dpd_eb742bd017d5f56c,"ANTICOAGULANT SODIUM CITRATE 4% W/V SOLUTION, USP",single_ingredient,other,excluded,document_availability,en Product Monograph missing for DPD codes 86313
107,hc_dpd_9fdb345ad220d0cd,TEVA-CEPHALEXIN 125,single_ingredient,oral,excluded,fact_alignment,No source evidence found for hc_dpd_9fdb345ad220d0cd_en dosage_forms='POWDER FOR SUSPENSION'
108,hc_dpd_268d626d3b81a1d2,TORISEL,single_ingredient,parenteral,retained,new_heldout,"Bilingual source, variant-link, language, text, and automated fact-evidence checks passed; human audit pending."
109,hc_dpd_c1d8fc1143e5c358,FLEXACRÈME PAIN RELIEF RUB,single_ingredient,topical,excluded,document_availability,en Product Monograph missing for DPD codes 100605
110,hc_dpd_088a49ef26182383,VELPHORO,single_ingredient,oral,excluded,fact_alignment,No source evidence found for hc_dpd_088a49ef26182383_en dosage_forms='TABLET (CHEWABLE)'
111,hc_dpd_1d707c638804721b,ISOVUE MULTIPACK-300,single_ingredient,other,excluded,fact_alignment,No source evidence found for hc_dpd_1d707c638804721b_en dosage_forms='LIQUID'
112,hc_dpd_3f2e211bc2a89417,TYPHIM VI,single_ingredient,parenteral,retained,new_heldout,"Bilingual source, variant-link, language, text, and automated fact-evidence checks passed; human audit pending."
113,hc_dpd_c9c08432bac0f016,RHINOCORT AQUA,single_ingredient,inhaled_or_nasal,excluded,fact_alignment,"No source evidence found for hc_dpd_c9c08432bac0f016_en dosage_forms='SPRAY, METERED DOSE'"
114,hc_dpd_088fd290b277f8f6,OLOPATADINE,single_ingredient,ophthalmic_or_otic,retained,new_heldout,"Bilingual source, variant-link, language, text, and automated fact-evidence checks passed; human audit pending."
115,hc_dpd_ff2fd69df5240e38,AG-CYCLOBENZAPRINE,single_ingredient,oral,retained,new_heldout,"Bilingual source, variant-link, language, text, and automated fact-evidence checks passed; human audit pending."
116,hc_dpd_f2a0d26ca6d1d8f0,BACITRACIN OINTMENT,single_ingredient,topical,excluded,document_availability,en Product Monograph missing for DPD codes 93727
117,hc_dpd_1a560a96059fd243,X3 CLEAN GERM ATTACK HAND SANITIZER,single_ingredient,other,excluded,document_availability,en Product Monograph missing for DPD codes 77627
118,hc_dpd_436a00d315136b8a,MUSCLE ACHES AND BODY PAIN RELIEF,single_ingredient,oral,excluded,document_availability,en Product Monograph missing for DPD codes 94236
119,hc_dpd_bbdbc4991c86c08e,DEXAMETHASONE SOD PHOSPH INJ 10MG/ML USP,single_ingredient,parenteral,excluded,fact_alignment,No source evidence found for hc_dpd_bbdbc4991c86c08e_en brand_name='DEXAMETHASONE SOD PHOSPH INJ 10MG/ML USP'
120,hc_dpd_df48a16072c994c7,NIX DERMAL CREAM,single_ingredient,topical,excluded,fact_alignment,No source evidence found for hc_dpd_df48a16072c994c7_fr brand_name='NIX DERMAL CREAM'
121,hc_dpd_1f28ab1b3d2013d8,RIVA-CYPROTERONE,single_ingredient,oral,retained,new_heldout,"Bilingual source, variant-link, language, text, and automated fact-evidence checks passed; human audit pending."
122,hc_dpd_0338d602204dd6d3,STERILE WATER FOR IRRIGATION USP,single_ingredient,other,excluded,document_availability,en Product Monograph missing for DPD codes 3822
123,hc_dpd_e8a9724c1999fd08,4% CITANEST PLAIN DENTAL,single_ingredient,parenteral,excluded,fact_alignment,No source evidence found for hc_dpd_e8a9724c1999fd08_en routes='BLOCK/INFILTRATION'
124,hc_dpd_9f62886dfca178f4,OXYGEN USP,single_ingredient,inhaled_or_nasal,excluded,document_availability,en Product Monograph missing for DPD codes 27306
125,hc_dpd_e92e07d7cc469afb,BRIMONIDINE P,single_ingredient,ophthalmic_or_otic,excluded,duplicate_ingredient_group,An earlier selected family already represents ingredient group hc_ing_93eb82316a6fd1f2.
126,hc_dpd_5177081c7878e167,AURO-INDOMETHACIN,single_ingredient,oral,retained,new_heldout,"Bilingual source, variant-link, language, text, and automated fact-evidence checks passed; human audit pending."
127,hc_dpd_a3a61964693de40f,MONISTAT DERM CREAM,single_ingredient,topical,excluded,document_availability,fr Product Monograph missing for DPD codes 17832
128,hc_dpd_75943252bbb1fb10,MIOSTAT OPHTHALMIC LIQ 0.01%,single_ingredient,other,excluded,fact_alignment,No source evidence found for hc_dpd_75943252bbb1fb10_en brand_name='MIOSTAT OPHTHALMIC LIQ 0.01%'
129,hc_dpd_46280a20ce82b416,NRA-DUTASTERIDE,single_ingredient,oral,retained,new_heldout,"Bilingual source, variant-link, language, text, and automated fact-evidence checks passed; human audit pending."
130,hc_dpd_2bac96d1eb838d70,"ALLERGENIC EXTRACT, STANDARDIZED MITE, D.PTERONYSSINUS",single_ingredient,parenteral,excluded,document_availability,en Product Monograph missing for DPD codes 43207
131,hc_dpd_5ae366410395c96b,PYRITHIONE ZINC DANDRUFF SHAMPOO CLASSIC CLEAN,single_ingredient,topical,excluded,document_availability,en Product Monograph missing for DPD codes 88450
132,hc_dpd_2fe14322c950fead,JAMP IBUPROFEN SUSPENSION,single_ingredient,oral,retained,new_heldout,"Bilingual source, variant-link, language, text, and automated fact-evidence checks passed; human audit pending."
133,hc_dpd_c9135850e3336572,PREMARIN VAGINAL CREAM,single_ingredient,other,excluded,fact_alignment,No source evidence found for hc_dpd_c9135850e3336572_fr brand_name='PREMARIN VAGINAL CREAM'
134,hc_dpd_e0e63c84aa9f7128,ALLERGENIC EXTRACT - STANDARDIZED ORCHARD GRASS POLLEN,single_ingredient,parenteral,excluded,fact_alignment,No source evidence found for hc_dpd_e0e63c84aa9f7128_en brand_name='ALLERGENIC EXTRACT - STANDARDIZED ORCHARD GRASS POLLEN'
135,hc_dpd_f6ac4eef7b8fe02c,QUINSAIR,single_ingredient,inhaled_or_nasal,retained,new_heldout,"Bilingual source, variant-link, language, text, and automated fact-evidence checks passed; human audit pending."
136,hc_dpd_a1c1208474475e33,CLEAR EYES,single_ingredient,ophthalmic_or_otic,excluded,document_availability,en Product Monograph missing for DPD codes 72380
137,hc_dpd_a73086ff8f249009,APO-HYDROXYQUINE,single_ingredient,oral,retained,new_heldout,"Bilingual source, variant-link, language, text, and automated fact-evidence checks passed; human audit pending."
138,hc_dpd_4bc8029f51017121,SCALP RELIEF,single_ingredient,topical,excluded,document_availability,en Product Monograph missing for DPD codes 97824
139,hc_dpd_7cbc487ad519b46f,REBYOTA,single_ingredient,other,excluded,fact_alignment,"No source evidence found for hc_dpd_7cbc487ad519b46f_fr ingredient {'name': 'Microbiota fécal', 'strength': 50000000000, 'unit': 'CFU'}"
140,hc_dpd_2debe1fde5169583,CERDELGA,single_ingredient,oral,retained,new_heldout,"Bilingual source, variant-link, language, text, and automated fact-evidence checks passed; human audit pending."
141,hc_dpd_dcf77f4dbfed12b5,RYBREVANT,single_ingredient,parenteral,retained,new_heldout,"Bilingual source, variant-link, language, text, and automated fact-evidence checks passed; human audit pending."
142,hc_dpd_0e113b73c8dab8be,FINACEA,single_ingredient,topical,retained,new_heldout,"Bilingual source, variant-link, language, text, and automated fact-evidence checks passed; human audit pending."
143,hc_dpd_5e9d9c4b162c49c4,MERCAPTOPURINE TABLETS USP,single_ingredient,oral,excluded,fact_alignment,No source evidence found for hc_dpd_5e9d9c4b162c49c4_fr brand_name='MERCAPTOPURINE TABLETS USP'
144,hc_dpd_2a691024676506d0,AMB-BISACODYL,single_ingredient,other,excluded,document_availability,en Product Monograph missing for DPD codes 100967
145,hc_dpd_d099fad485e70da1,SODIUM BICARBONATE INJECTION USP,single_ingredient,parenteral,retained,new_heldout,"Bilingual source, variant-link, language, text, and automated fact-evidence checks passed; human audit pending."
146,hc_dpd_86278fa1392e89c5,OXYGEN USP,single_ingredient,inhaled_or_nasal,excluded,document_availability,en Product Monograph missing for DPD codes 66284
147,hc_dpd_06f3203bf567c166,ALPHAGAN,single_ingredient,ophthalmic_or_otic,excluded,duplicate_ingredient_group,An earlier selected family already represents ingredient group hc_ing_93eb82316a6fd1f2.
148,hc_dpd_a015f5aed1fb5fea,PDP-AMANTADINE HYDROCHLORIDE SYRUP,single_ingredient,oral,retained,new_heldout,"Bilingual source, variant-link, language, text, and automated fact-evidence checks passed; human audit pending."
149,hc_dpd_bbd827c3c345f6ba,STUBBORN ACNE CLEANSER,single_ingredient,topical,excluded,document_availability,en Product Monograph missing for DPD codes 92524
150,hc_dpd_a015ae4cb25862c1,BISACODYL SUPPOSITORY,single_ingredient,other,excluded,document_availability,en Product Monograph missing for DPD codes 97915
151,hc_dpd_bc3eadcb7ce63b5b,PANTOPRAZOLE T,single_ingredient,oral,excluded,fact_alignment,No source evidence found for hc_dpd_bc3eadcb7ce63b5b_en dosage_forms='TABLET (DELAYED-RELEASE)'
152,hc_dpd_8a86474f5b621207,VORICONAZOLE FOR INJECTION,single_ingredient,parenteral,retained,new_heldout,"Bilingual source, variant-link, language, text, and automated fact-evidence checks passed; human audit pending."
153,hc_dpd_613f0b0d3e7c2857,PYRITHIONE ZINC DANDRUFF SHAMPOO ITCHY SCALP CARE 2IN1,single_ingredient,topical,excluded,document_availability,en Product Monograph missing for DPD codes 88454
154,hc_dpd_bf89293952dd7475,ADVIL CAPLETS,single_ingredient,oral,excluded,duplicate_ingredient_group,An earlier selected family already represents ingredient group hc_ing_b171875a25de1c92.
155,hc_dpd_f7aa26ed6b11e87f,ARESTIN MICROSPHERES,single_ingredient,other,excluded,fact_alignment,No source evidence found for hc_dpd_f7aa26ed6b11e87f_en dosage_forms='POWDER (EXTENDED RELEASE)'
156,hc_dpd_018517925b57a36c,HYDROMORPHONE HYDROCHLORIDE INJECTION USP,single_ingredient,parenteral,excluded,fact_alignment,"No source evidence found for hc_dpd_018517925b57a36c_fr brand_name=""CHLORHYDRATE D'HYDROMORPHONE POUR INJECTION USP"""
157,hc_dpd_a298770e3f9c7d60,NITROGEN 100%,single_ingredient,inhaled_or_nasal,excluded,document_availability,en Product Monograph missing for DPD codes 5683
158,hc_dpd_849a3bd97ea572ed,JAMP TRAVOPROST Z,single_ingredient,ophthalmic_or_otic,retained,new_heldout,"Bilingual source, variant-link, language, text, and automated fact-evidence checks passed; human audit pending."
159,hc_dpd_3444753169ab6d21,PMS-ALENDRONATE-FC,single_ingredient,oral,retained,new_heldout,"Bilingual source, variant-link, language, text, and automated fact-evidence checks passed; human audit pending."
160,hc_dpd_a2fd03c515805faa,PANOXYL ACNE WASH,single_ingredient,topical,excluded,document_availability,en Product Monograph missing for DPD codes 99403
161,hc_dpd_b92a7fdff618218b,CANESTEN 3 DAY INTERNAL CREAM,single_ingredient,other,excluded,fact_alignment,No source evidence found for hc_dpd_b92a7fdff618218b_fr brand_name='CANESTEN 3 DAY INTERNAL CREAM'
162,hc_dpd_8df7e2c409b337d9,AZITHROMYCIN,single_ingredient,oral,retained,new_heldout,"Bilingual source, variant-link, language, text, and automated fact-evidence checks passed; human audit pending."
163,hc_dpd_fce80269123b44eb,HERCEPTIN SC,single_ingredient,parenteral,retained,new_heldout,"Bilingual source, variant-link, language, text, and automated fact-evidence checks passed; human audit pending."
164,hc_dpd_8c020934f2937328,SANDOZ RIVASTIGMINE PATCH 10,single_ingredient,topical,retained,new_heldout,"Bilingual source, variant-link, language, text, and automated fact-evidence checks passed; human audit pending."
165,hc_dpd_40533c29ad16801a,ENTROPHEN,single_ingredient,oral,excluded,fact_alignment,No source evidence found for hc_dpd_40533c29ad16801a_en dosage_forms='TABLET (DELAYED-RELEASE)'
166,hc_dpd_ee1cf3be59eda162,ORACORT,single_ingredient,other,excluded,document_availability,en Product Monograph missing for DPD codes 13360
167,hc_dpd_a4b46d8b63e0a80b,"CISPLATIN INJECTION, BP",single_ingredient,parenteral,retained,new_heldout,"Bilingual source, variant-link, language, text, and automated fact-evidence checks passed; human audit pending."
168,hc_dpd_63d2e7c14019c1b6,VENTOLIN HFA,single_ingredient,inhaled_or_nasal,excluded,fact_alignment,No source evidence found for hc_dpd_63d2e7c14019c1b6_en dosage_forms='METERED-DOSE AEROSOL'
169,hc_dpd_d05974598372e177,SANDOZ TOBRAMYCIN,single_ingredient,ophthalmic_or_otic,excluded,document_validation,PDF contains no extractable text
170,hc_dpd_9d3f75b188f170cb,PMSC-NIFEDIPINE ER,single_ingredient,oral,excluded,fact_alignment,No source evidence found for hc_dpd_9d3f75b188f170cb_en dosage_forms='TABLET (EXTENDED-RELEASE)'
171,hc_dpd_c0772e179a345fc7,DIGICLEAN E FOAM HAND SOAP,single_ingredient,topical,excluded,document_availability,en Product Monograph missing for DPD codes 66677
172,hc_dpd_7e8c0bd305336009,BRINEURA,single_ingredient,other,retained,new_heldout,"Bilingual source, variant-link, language, text, and automated fact-evidence checks passed; human audit pending."
173,hc_dpd_34a6586549c5ffeb,NEXIUM 24HR,single_ingredient,oral,excluded,fact_alignment,No source evidence found for hc_dpd_34a6586549c5ffeb_en dosage_forms='CAPSULE (DELAYED RELEASE)'
174,hc_dpd_72cb7b30e4f2eaa4,DEFITELIO,single_ingredient,parenteral,retained,new_heldout,"Bilingual source, variant-link, language, text, and automated fact-evidence checks passed; human audit pending."
175,hc_dpd_70b24175cca47333,MONISTAT 7 DUAL-PAK,single_ingredient,topical,excluded,document_availability,fr Product Monograph missing for DPD codes 16611
176,hc_dpd_d364c173e6bc4f20,EXTRA STRENGTH IBUPROFEN LIQUID GEL CAPSULES,single_ingredient,oral,excluded,duplicate_ingredient_group,An earlier selected family already represents ingredient group hc_ing_b171875a25de1c92.
177,hc_dpd_89e40c5daa8f89f7,HEMACART,single_ingredient,other,excluded,document_availability,en Product Monograph missing for DPD codes 81113
178,hc_dpd_175ab75fe2e8fd43,0.9% SODIUM CHLORIDE INJECTION USP,single_ingredient,parenteral,excluded,fact_alignment,No source evidence found for hc_dpd_175ab75fe2e8fd43_en routes='INTRAMUSCULAR'
179,hc_dpd_2648c447c4e0eb8a,MOMETASONE,single_ingredient,inhaled_or_nasal,excluded,fact_alignment,"No source evidence found for hc_dpd_2648c447c4e0eb8a_en dosage_forms='SPRAY, METERED DOSE'"
180,hc_dpd_d793fa9756754dec,SANDOZ FLUOROMETHOLONE,single_ingredient,ophthalmic_or_otic,retained,new_heldout,"Bilingual source, variant-link, language, text, and automated fact-evidence checks passed; human audit pending."
181,hc_dpd_fd076a28a68fc666,MINT-ITRACONAZOLE,single_ingredient,oral,excluded,document_availability,fr Product Monograph missing for DPD codes 95031
182,hc_dpd_fed974f49016e1b8,ENERGY BERRY BAIES ÉNERGISANTES FOAMING HAND SOAP ANTIBACTERIAL,single_ingredient,topical,excluded,document_availability,en Product Monograph missing for DPD codes 96203
183,hc_dpd_41e79436d1c609d4,COLGATE TOTAL ACTIVE PREVENTION,single_ingredient,other,excluded,document_availability,en Product Monograph missing for DPD codes 92853
184,hc_dpd_29fa044dbd044983,PHENOBARB ELIXIR,single_ingredient,oral,excluded,document_validation,"PDF language could not be validated (English markers=0, French markers=0)"
185,hc_dpd_d8dc367628d5f182,MYOZYME,single_ingredient,parenteral,excluded,fact_alignment,No source evidence found for hc_dpd_d8dc367628d5f182_en dosage_forms='POWDER FOR SOLUTION'
186,hc_dpd_ade383ad6fafd08d,EXELON PATCH 5,single_ingredient,topical,excluded,duplicate_ingredient_group,An earlier selected family already represents ingredient group hc_ing_3ae3ddb34b76bf3c.
187,hc_dpd_caf50130751f7a3b,M-NIFEDIPINE ER,single_ingredient,oral,excluded,fact_alignment,No source evidence found for hc_dpd_caf50130751f7a3b_en dosage_forms='TABLET (EXTENDED-RELEASE)'
188,hc_dpd_70984e44b14ec304,ENTOCORT ENEMA,single_ingredient,other,retained,new_heldout,"Bilingual source, variant-link, language, text, and automated fact-evidence checks passed; human audit pending."
189,hc_dpd_4cf7b981f2157766,HYDROMORPHONE HYDROCHLORIDE INJECTION,single_ingredient,parenteral,retained,new_heldout,"Bilingual source, variant-link, language, text, and automated fact-evidence checks passed; human audit pending."
190,hc_dpd_d0236101a6b99c56,INOMAX,single_ingredient,inhaled_or_nasal,retained,new_heldout,"Bilingual source, variant-link, language, text, and automated fact-evidence checks passed; human audit pending."
191,hc_dpd_104e5471e1ef78d9,REFRESH PLUS,single_ingredient,ophthalmic_or_otic,excluded,document_availability,en Product Monograph missing for DPD codes 27183
192,hc_dpd_b33bd839e3eeff78,ACETAMINOPHEN EXTRA STRENGTH RAPID RELEASE TABLETS,single_ingredient,oral,excluded,document_availability,en Product Monograph missing for DPD codes 104084
193,hc_dpd_f944e820f78f3487,PYRITHIONE ZINC DANDRUFF SHAMPOO DRY SCALP CARE 2IN1,single_ingredient,topical,excluded,document_availability,en Product Monograph missing for DPD codes 88442
194,hc_dpd_ef1371cbcdeb7d72,GRASTEK,single_ingredient,other,excluded,fact_alignment,"No source evidence found for hc_dpd_ef1371cbcdeb7d72_en ingredient {'name': 'STANDARDIZED TIMOTHY GRASS POLLEN', 'strength': 2800, 'unit': 'UNIT'}"
195,hc_dpd_2f1032fed841f093,PHARMA-LEVETIRACETAM,single_ingredient,oral,retained,new_heldout,"Bilingual source, variant-link, language, text, and automated fact-evidence checks passed; human audit pending."
196,hc_dpd_fc7be4e0d4cf22f5,CISATRACURIUM BESYLATE INJECTION USP MULTI-DOSE,single_ingredient,parenteral,retained,new_heldout,"Bilingual source, variant-link, language, text, and automated fact-evidence checks passed; human audit pending."
197,hc_dpd_3d629714436b1972,MEN'S ROGAINE FOAM 5%,single_ingredient,topical,excluded,fact_alignment,No source evidence found for hc_dpd_3d629714436b1972_fr dosage_forms='AÉROSOL (MOUSSE)'
198,hc_dpd_b58fd6c00593a681,EXTRA STRENGTH DORMEX CAPSULES,single_ingredient,oral,excluded,document_availability,en Product Monograph missing for DPD codes 89394
199,hc_dpd_fd0ef260e3f238b3,BISACODYL SUPPOSITORY,single_ingredient,other,excluded,document_availability,en Product Monograph missing for DPD codes 84651
200,hc_dpd_b510b70b944d592e,NON STANDARDIZED ALLERGENIC EXTRACTS - NON POLLENS,single_ingredient,parenteral,excluded,fact_alignment,No source evidence found for hc_dpd_b510b70b944d592e_en brand_name='NON STANDARDIZED ALLERGENIC EXTRACTS - NON POLLENS'
201,hc_dpd_aa9e26ca45295852,MEDICAL AIR 100%,single_ingredient,inhaled_or_nasal,excluded,document_availability,en Product Monograph missing for DPD codes 5684
202,hc_dpd_8690a3b978b95d69,NEVANAC,single_ingredient,ophthalmic_or_otic,retained,new_heldout,"Bilingual source, variant-link, language, text, and automated fact-evidence checks passed; human audit pending."
203,hc_dpd_fed2dcc8e2a71c60,BALMINIL EXPECTORANT (SUCROSE FREE),single_ingredient,oral,excluded,document_availability,en Product Monograph missing for DPD codes 41989
204,hc_dpd_cd09c04272dd831f,TOLAK,single_ingredient,topical,retained,new_heldout,"Bilingual source, variant-link, language, text, and automated fact-evidence checks passed; human audit pending."
205,hc_dpd_9b2322219ff4727e,FUZION AB FOAMING HAND SOAP,single_ingredient,other,excluded,document_availability,en Product Monograph missing for DPD codes 96151
206,hc_dpd_b5df2b8dd6cf05b1,TEVA-ZOLMITRIPTAN OD,single_ingredient,oral,excluded,fact_alignment,No source evidence found for hc_dpd_b5df2b8dd6cf05b1_en dosage_forms='TABLET (ORALLY DISINTEGRATING)'
207,hc_dpd_a3d6eacc4c36e5bb,CANCIDAS,single_ingredient,parenteral,retained,new_heldout,"Bilingual source, variant-link, language, text, and automated fact-evidence checks passed; human audit pending."
208,hc_dpd_6eb57e48538c6eff,AFTER SUN GEL,single_ingredient,topical,excluded,document_availability,en Product Monograph missing for DPD codes 98886
209,hc_dpd_26e61b56d535ec76,NRA-AZITHROMYCIN,single_ingredient,oral,excluded,duplicate_ingredient_group,An earlier selected family already represents ingredient group hc_ing_814fd2e8e45e9a6d.
210,hc_dpd_93d1aa5b7be1fc9f,VAGIFEM 10,single_ingredient,other,excluded,fact_alignment,No source evidence found for hc_dpd_93d1aa5b7be1fc9f_en dosage_forms='VAGINAL TABLET'
211,hc_dpd_c74070e6941eafb6,OXALIPLATIN INJECTION,single_ingredient,parenteral,excluded,fact_alignment,No source evidence found for hc_dpd_c74070e6941eafb6_fr brand_name='OXALIPLATIN INJECTION'
212,hc_dpd_f5e70d694b6f508a,SPRAVATO,single_ingredient,inhaled_or_nasal,retained,new_heldout,"Bilingual source, variant-link, language, text, and automated fact-evidence checks passed; human audit pending."
213,hc_dpd_854a5e92566af9d9,SENNA S. TABLETS,multi_ingredient,oral,excluded,document_availability,en Product Monograph missing for DPD codes 71178
214,hc_dpd_4a55d473c113c498,0.15% POTASSIUM CHLORIDE IN 5% DEXTROSE AND 0.20% SODIUM CHLORIDE INJECTION USP,multi_ingredient,parenteral,excluded,document_availability,en Product Monograph missing for DPD codes 21753
215,hc_dpd_b751b2a3bde515e5,GLOW SCREEN SUNSET,multi_ingredient,topical,excluded,document_availability,en Product Monograph missing for DPD codes 102705
216,hc_dpd_440415d12c2fa7ad,MINT-LOSARTAN/HCTZ DS,multi_ingredient,oral,retained,new_heldout,"Bilingual source, variant-link, language, text, and automated fact-evidence checks passed; human audit pending."
217,hc_dpd_4c037a599593ca44,ANTICOAGULANT CITRATE DEXTROSE SOLUTION USP (ACD) FORMULA A,multi_ingredient,other,excluded,document_availability,en Product Monograph missing for DPD codes 11376
218,hc_dpd_7081206999c061bf,NOVOLIN GE 30/70,multi_ingredient,parenteral,excluded,fact_alignment,"No source evidence found for hc_dpd_7081206999c061bf_fr ingredient {'name': 'Insuline isophane humaine biosynthétique', 'strength': 70, 'unit': 'Unité'}"
219,hc_dpd_2ef9619157a8f04e,ADVAIR 250 DISKUS,multi_ingredient,inhaled_or_nasal,excluded,fact_alignment,No source evidence found for hc_dpd_2ef9619157a8f04e_en brand_name='ADVAIR 250 DISKUS'
220,hc_dpd_20ce7b41df2fae3e,COMBIGAN,multi_ingredient,ophthalmic_or_otic,retained,new_heldout,"Bilingual source, variant-link, language, text, and automated fact-evidence checks passed; human audit pending."
221,hc_dpd_c4ae0902f22e5ca5,DAYQUIL COUGH DM + CONGESTION,multi_ingredient,oral,excluded,document_availability,en Product Monograph missing for DPD codes 99274
222,hc_dpd_c394cad97f6df591,GLOWSCREEN,multi_ingredient,topical,excluded,document_availability,en Product Monograph missing for DPD codes 99261
223,hc_dpd_7c4a5b06c291a66b,NATURALYTE H-225,multi_ingredient,other,excluded,document_availability,en Product Monograph missing for DPD codes 81279
224,hc_dpd_3fe6fc58ec7db3c7,SUVEXX,multi_ingredient,oral,retained,new_heldout,"Bilingual source, variant-link, language, text, and automated fact-evidence checks passed; human audit pending."
225,hc_dpd_da2af870668c3ad8,ISOLYTE S PH 7.4 (MULTI-ELECTROLYTE INJECTION),multi_ingredient,parenteral,excluded,document_availability,en Product Monograph missing for DPD codes 21757
226,hc_dpd_9633387897e4486b,EXTREME HYDRATING BODY + HAND SCREEN,multi_ingredient,topical,excluded,document_availability,en Product Monograph missing for DPD codes 102923
227,hc_dpd_978fc3a897cb242b,JAMPLYTE,multi_ingredient,oral,retained,new_heldout,"Bilingual source, variant-link, language, text, and automated fact-evidence checks passed; human audit pending."
228,hc_dpd_bd7b18aa4f605e65,NATURALYTE H-232,multi_ingredient,other,excluded,document_availability,en Product Monograph missing for DPD codes 81601
229,hc_dpd_e5a069d0814df86b,OPDUALAG,multi_ingredient,parenteral,retained,new_heldout,"Bilingual source, variant-link, language, text, and automated fact-evidence checks passed; human audit pending."
230,hc_dpd_6167d33025d2c34f,MEDICAL AIR U.S.P.,multi_ingredient,inhaled_or_nasal,excluded,document_availability,en Product Monograph missing for DPD codes 19291
231,hc_dpd_ac7457b48f573022,RIVA-DORZOLAMIDE/TIMOLOL,multi_ingredient,ophthalmic_or_otic,retained,new_heldout,"Bilingual source, variant-link, language, text, and automated fact-evidence checks passed; human audit pending."
232,hc_dpd_3539d4f549ec6c42,BUCKLEYS COLD & SINUS,multi_ingredient,oral,excluded,document_availability,en Product Monograph missing for DPD codes 79278
233,hc_dpd_e240b7bac0a6e989,ORIGINAL ANTIBIOTIC CREAM,multi_ingredient,topical,excluded,document_availability,en Product Monograph missing for DPD codes 80317
234,hc_dpd_7d5dd3e58c1833f2,EXTRANEAL,multi_ingredient,other,excluded,fact_alignment,No source evidence found for hc_dpd_7d5dd3e58c1833f2_en routes='HAEMODIALYSIS (INTRAPERITONEAL)'
235,hc_dpd_45de65f9755d7284,SYMTUZA,multi_ingredient,oral,retained,new_heldout,"Bilingual source, variant-link, language, text, and automated fact-evidence checks passed; human audit pending."
236,hc_dpd_8150de6a4e22a0ad,(20 MMOL/L) POTASSIUM CHLORIDE IN 3.3% DEXTROSE AND 0.3% SODIUM CHLORIDE INJECTION USP,multi_ingredient,parenteral,excluded,document_validation,"PDF language could not be validated (English markers=0, French markers=0)"
237,hc_dpd_5b2a8cc994390816,TANNING OIL HUILE BRONZANTE 15,multi_ingredient,topical,excluded,document_availability,en Product Monograph missing for DPD codes 96099
238,hc_dpd_9ef09c56c765e8a9,EXTRA STRENGTH FLU RELIEF DAYTIME,multi_ingredient,oral,excluded,document_availability,en Product Monograph missing for DPD codes 72935
239,hc_dpd_63b82645cc587342,NATURALYTE H-330,multi_ingredient,other,excluded,document_availability,en Product Monograph missing for DPD codes 81282
240,hc_dpd_c35ca9ad296f9754,TRUMENBA,multi_ingredient,parenteral,retained,new_heldout,"Bilingual source, variant-link, language, text, and automated fact-evidence checks passed; human audit pending."
241,hc_dpd_4424763b3d592f0f,SYMBICORT 100 TURBUHALER,multi_ingredient,inhaled_or_nasal,retained,new_heldout,"Bilingual source, variant-link, language, text, and automated fact-evidence checks passed; human audit pending."
242,hc_dpd_9b4d0d4ab3afe60c,DRY EYE TEARS,multi_ingredient,ophthalmic_or_otic,excluded,document_availability,en Product Monograph missing for DPD codes 87535
243,hc_dpd_abaf6bb6ee62dce4,OVIMA 28,multi_ingredient,oral,retained,new_heldout,"Bilingual source, variant-link, language, text, and automated fact-evidence checks passed; human audit pending."
244,hc_dpd_68934f27d6acfdfc,RENERGIE LIFT MULTI-ACTION SPF 15 FIRMING MOISTURIZING CREAM ALL SKIN TYPES,multi_ingredient,topical,excluded,document_availability,en Product Monograph missing for DPD codes 92260
245,hc_dpd_2f1bbca3adb9cf12,PHYSIONEAL 40 GLUCOSE 1.36% CLEAR-FLEX,multi_ingredient,other,excluded,fact_alignment,No source evidence found for hc_dpd_2f1bbca3adb9cf12_en routes='HAEMODIALYSIS (INTRAPERITONEAL)'
246,hc_dpd_73f1a0ded7b3dc85,INQOVI,multi_ingredient,oral,retained,new_heldout,"Bilingual source, variant-link, language, text, and automated fact-evidence checks passed; human audit pending."
247,hc_dpd_166173fb5f7b5e2a,OLIMEL 5.7% E,multi_ingredient,parenteral,retained,new_heldout,"Bilingual source, variant-link, language, text, and automated fact-evidence checks passed; human audit pending."
248,hc_dpd_6ead60277ebb76a5,FLAWLESS EFFECT LIQUID FOUNDATION BROAD SPECTRUM SPF 15,multi_ingredient,topical,excluded,document_availability,en Product Monograph missing for DPD codes 79215
249,hc_dpd_8a990c97f18eead7,NEOCITRAN EXTRA STRENGTH COLD & COUGH,multi_ingredient,oral,excluded,document_availability,en Product Monograph missing for DPD codes 104148
250,hc_dpd_847702ac48ee4a6e,ACID CONCENTRATE A1266,multi_ingredient,other,excluded,document_availability,en Product Monograph missing for DPD codes 74791
251,hc_dpd_5087f1320f96a186,LIDOCAINE HYDROCHLORIDE AND EPINEPHRINE INJECTION USP,multi_ingredient,parenteral,excluded,fact_alignment,No source evidence found for hc_dpd_5087f1320f96a186_fr brand_name='LIDOCAINE HYDROCHLORIDE AND EPINEPHRINE INJECTION USP'
252,hc_dpd_2678b51a192f2556,MEOPA,multi_ingredient,inhaled_or_nasal,excluded,document_availability,en Product Monograph missing for DPD codes 19102
253,hc_dpd_ba7dd26deacfab80,SOOTHE NIGHT TIME,multi_ingredient,ophthalmic_or_otic,excluded,document_availability,en Product Monograph missing for DPD codes 16777
254,hc_dpd_ea043548b4c687ae,TRI-JORDYNA 21,multi_ingredient,oral,retained,new_heldout,"Bilingual source, variant-link, language, text, and automated fact-evidence checks passed; human audit pending."
255,hc_dpd_aac3ecafa68fed23,BENEFIANCE WRINKLE SMOOTHING DAY CREAM,multi_ingredient,topical,excluded,document_availability,en Product Monograph missing for DPD codes 96973
256,hc_dpd_533f963d93d2065b,AMO ENDOSOL SOLUTION,multi_ingredient,other,excluded,document_availability,en Product Monograph missing for DPD codes 15177
257,hc_dpd_cb6dfb130f90502e,BENYLIN EXTRA STRENGTH MUCUS & PHLEGM PLUS COUGH CONTROL,multi_ingredient,oral,excluded,document_availability,en Product Monograph missing for DPD codes 80637
258,hc_dpd_a993bbc5c100ff08,PHENOL SALINE INJ,multi_ingredient,parenteral,excluded,document_availability,en Product Monograph missing for DPD codes 1911
259,hc_dpd_09cecf516837ad73,POLYSPORIN TRIPLE ANTIBIOTIC OINTMENT,multi_ingredient,topical,excluded,document_availability,en Product Monograph missing for DPD codes 60545
260,hc_dpd_3367aa9c34fe4f59,ROBAX PLATINUM,multi_ingredient,oral,retained,new_heldout,"Bilingual source, variant-link, language, text, and automated fact-evidence checks passed; human audit pending."
261,hc_dpd_f1e184ba3f91d07d,NATURALYTE H-200,multi_ingredient,other,excluded,document_availability,en Product Monograph missing for DPD codes 81593
262,hc_dpd_41719a254cdf4651,DEXTROSE 3.3% AND 0.3% SOD CHLORIDE INJ,multi_ingredient,parenteral,excluded,fact_alignment,No source evidence found for hc_dpd_41719a254cdf4651_en brand_name='DEXTROSE 3.3% AND 0.3% SOD CHLORIDE INJ'
263,hc_dpd_15e6c511c243f921,DUAKLIR GENUAIR,multi_ingredient,inhaled_or_nasal,excluded,fact_alignment,No source evidence found for hc_dpd_15e6c511c243f921_en dosage_forms='POWDER (METERED DOSE)'
264,hc_dpd_235be5d7ff12a27b,MYLAN-LATANOPROST/TIMOLOL,multi_ingredient,ophthalmic_or_otic,retained,new_heldout,"Bilingual source, variant-link, language, text, and automated fact-evidence checks passed; human audit pending."
265,hc_dpd_dc1e7608123468ac,PANCREASE MT 20,multi_ingredient,oral,excluded,fact_alignment,No source evidence found for hc_dpd_dc1e7608123468ac_en dosage_forms='CAPSULE (DELAYED RELEASE)'
266,hc_dpd_1d3aa27bc33e535d,DEGIL SUN 50 SPF FPS,multi_ingredient,topical,excluded,document_availability,en Product Monograph missing for DPD codes 103191
267,hc_dpd_8824052bc0c0989f,ACID CONCENTRATE A1221,multi_ingredient,other,excluded,document_availability,en Product Monograph missing for DPD codes 73924
268,hc_dpd_2a5909736dbc1762,TRIANAL TABLET,multi_ingredient,oral,retained,new_heldout,"Bilingual source, variant-link, language, text, and automated fact-evidence checks passed; human audit pending."
269,hc_dpd_b129cf78948e9008,5% DEXTROSE AND 0.45% SODIUM CHLORIDE INJECTION USP,multi_ingredient,parenteral,excluded,document_availability,en Product Monograph missing for DPD codes 13033
270,hc_dpd_973aa284a4579595,BLUE LIZARD AUSTRALIAN SUNSCREEN 50 SPF SPORT,multi_ingredient,topical,excluded,document_availability,en Product Monograph missing for DPD codes 101444
271,hc_dpd_97ecf4e0d45fd2c2,PANCREASE MT 2,multi_ingredient,oral,excluded,fact_alignment,No source evidence found for hc_dpd_97ecf4e0d45fd2c2_en dosage_forms='CAPSULE (DELAYED RELEASE)'
272,hc_dpd_9b723370306a6cb4,SOLUPREP SWAB,multi_ingredient,other,excluded,document_availability,en Product Monograph missing for DPD codes 86791
273,hc_dpd_0a04e1ed9017acd8,NITROGLYCERIN IN 5% DEXTROSE INJ.-200MCG/ML,multi_ingredient,parenteral,excluded,fact_alignment,No source evidence found for hc_dpd_0a04e1ed9017acd8_en brand_name='NITROGLYCERIN IN 5% DEXTROSE INJ.-200MCG/ML'
274,hc_dpd_ddef663bc42145e7,"CARBON MONOX, HELIUM, OXYGEN, NITROGEN L.D.M.",multi_ingredient,inhaled_or_nasal,excluded,document_availability,en Product Monograph missing for DPD codes 13920
275,hc_dpd_f6c6e65ecfebf5a9,APO-TRAVOPROST-TIMOP PQ,multi_ingredient,ophthalmic_or_otic,retained,new_heldout,"Bilingual source, variant-link, language, text, and automated fact-evidence checks passed; human audit pending."
276,hc_dpd_03a5e54fd3cb16f4,VICKS DAYQUIL COMPLETE COLD & FLU LIQUICAPS,multi_ingredient,oral,excluded,document_availability,en Product Monograph missing for DPD codes 97380
277,hc_dpd_3f9b4ae0ff1df307,TARO-ADAPALENE/BENZOYL PEROXIDE,multi_ingredient,topical,excluded,document_availability,fr Product Monograph missing for DPD codes 94404
278,hc_dpd_3b4e56dbd9c095bc,NATURALYTE H-408,multi_ingredient,other,excluded,document_availability,en Product Monograph missing for DPD codes 81284
279,hc_dpd_b206dc42a89bca37,OVIMA 21,multi_ingredient,oral,excluded,duplicate_ingredient_group,An earlier selected family already represents ingredient group hc_ing_54dcdd74a424c1fe.
280,hc_dpd_3b7105288a6d5b90,(20MMOL/L) POTASSIUM CHLORIDE IN 5% DEXTROSE AND 0.45% SODIUM CHLORIDE INJECTION USP,multi_ingredient,parenteral,excluded,document_validation,"PDF language could not be validated (English markers=0, French markers=0)"
281,hc_dpd_da1a9b0035b1e929,EUCERIN ANTI-SHINE,multi_ingredient,topical,excluded,document_availability,en Product Monograph missing for DPD codes 101591
282,hc_dpd_47916090b794838b,KOMBOGLYZE,multi_ingredient,oral,retained,new_heldout,"Bilingual source, variant-link, language, text, and automated fact-evidence checks passed; human audit pending."
283,hc_dpd_be59b461599bef83,ANUSOL PLUS SUPPOSITORIES,multi_ingredient,other,excluded,document_availability,en Product Monograph missing for DPD codes 12763
284,hc_dpd_9bf07ae12c764ca8,FLUAD,multi_ingredient,parenteral,retained,new_heldout,"Bilingual source, variant-link, language, text, and automated fact-evidence checks passed; human audit pending."
285,hc_dpd_247550297169c72d,RYALTRIS,multi_ingredient,inhaled_or_nasal,excluded,fact_alignment,"No source evidence found for hc_dpd_247550297169c72d_en dosage_forms='SPRAY, METERED DOSE'"
286,hc_dpd_d98a09e572e983d5,SIMBRINZA,multi_ingredient,ophthalmic_or_otic,retained,new_heldout,"Bilingual source, variant-link, language, text, and automated fact-evidence checks passed; human audit pending."
287,hc_dpd_a14a49d7e7402435,COUGH SYRUP WITH CODEINE,multi_ingredient,oral,excluded,document_availability,en Product Monograph missing for DPD codes 19625
288,hc_dpd_5010490193508304,EVEN BETTER BRIGHTENING MOISTURIZER,multi_ingredient,topical,excluded,document_availability,en Product Monograph missing for DPD codes 101976
289,hc_dpd_5d8bf2b7ca8b2d95,RINGZA,multi_ingredient,other,excluded,fact_alignment,No source evidence found for hc_dpd_5d8bf2b7ca8b2d95_en dosage_forms='RING (SLOW-RELEASE)'
290,hc_dpd_66d0fd9676f09b84,COLD RELIEF,multi_ingredient,oral,excluded,document_availability,en Product Monograph missing for DPD codes 103889
291,hc_dpd_c9bad4f7ea100fce,MICRO+6 REGULAR,multi_ingredient,parenteral,excluded,fact_alignment,No source evidence found for hc_dpd_c9bad4f7ea100fce_fr brand_name='MICRO+6 REGULAR'
292,hc_dpd_9dacbd5e8b6d026c,RODAN + FIELDS REDEFINE TRIPLE DEFENSE LOTION,multi_ingredient,topical,excluded,document_availability,en Product Monograph missing for DPD codes 98283
293,hc_dpd_eb4abd12219eb308,APO-OXYCODONE/ACET,multi_ingredient,oral,retained,new_heldout,"Bilingual source, variant-link, language, text, and automated fact-evidence checks passed; human audit pending."
294,hc_dpd_c3e6cf62c196b331,SELECTBAG ONE (AX 450 G),multi_ingredient,other,excluded,document_validation,"PDF language could not be validated (English markers=0, French markers=0)"
295,hc_dpd_5b4f0fe38145e741,SEPTANEST SP,multi_ingredient,parenteral,excluded,fact_alignment,No source evidence found for hc_dpd_5b4f0fe38145e741_en routes='BLOCK/INFILTRATION'
296,hc_dpd_2194fc7443af5833,TEVA-COMBO STERINEBS,multi_ingredient,inhaled_or_nasal,retained,new_heldout,"Bilingual source, variant-link, language, text, and automated fact-evidence checks passed; human audit pending."
297,hc_dpd_1786837c4167127e,REFRESH OPTIVE GEL DROPS,multi_ingredient,ophthalmic_or_otic,excluded,document_availability,en Product Monograph missing for DPD codes 95175
298,hc_dpd_32d31ac0a4eb7d59,EXTRA STRENGTH TYLENOL NIGHTTIME,multi_ingredient,oral,excluded,fact_alignment,No source evidence found for hc_dpd_32d31ac0a4eb7d59_en dosage_forms='TABLET'
299,hc_dpd_f25fa63a28e25ec4,SUNSCREEN CONTINUOUS SPRAY SPF 50 KIDS,multi_ingredient,topical,excluded,document_availability,en Product Monograph missing for DPD codes 98412
300,hc_dpd_043c39ecda680f30,FLAGYSTATIN,multi_ingredient,other,retained,new_heldout,"Bilingual source, variant-link, language, text, and automated fact-evidence checks passed; human audit pending."
301,hc_dpd_49ce5dd9258ea2d3,COUGH & CONGESTION,multi_ingredient,oral,excluded,document_availability,en Product Monograph missing for DPD codes 102796
302,hc_dpd_1ff79e23c0fc864c,ESSEPNA,multi_ingredient,parenteral,retained,new_heldout,"Bilingual source, variant-link, language, text, and automated fact-evidence checks passed; human audit pending."
303,hc_dpd_e1269013cc9e6040,COOLA CLEAR SUNSCREEN SPRAY GUAVA MANGO SCENT,multi_ingredient,topical,excluded,document_availability,en Product Monograph missing for DPD codes 101115
304,hc_dpd_03be53df70eb2d11,JAMP EFAVIRENZ/EMTRICITABINE/TENOFOVIR DISOPROXIL FUMARATE,multi_ingredient,oral,retained,new_heldout,"Bilingual source, variant-link, language, text, and automated fact-evidence checks passed; human audit pending."
305,hc_dpd_4cf0b36d69d102a4,NATURALYTE H-410,multi_ingredient,other,excluded,document_availability,en Product Monograph missing for DPD codes 81283
306,hc_dpd_019a1dcdc910abed,VAXNEUVANCE,multi_ingredient,parenteral,excluded,document_availability,fr Product Monograph missing for DPD codes 101153
307,hc_dpd_508101bdb3878ab0,CARBON DIOXIDE 23.1% W OXYGEN,multi_ingredient,inhaled_or_nasal,excluded,document_availability,en Product Monograph missing for DPD codes 11060
308,hc_dpd_13f5e00d06a745d0,CLEAR EYES EXTRA STRENGTH REDNESS RELIEF,multi_ingredient,ophthalmic_or_otic,excluded,document_availability,en Product Monograph missing for DPD codes 84583
309,hc_dpd_4e199b6108162cec,APO-BUTALBITAL-ACETYLSALICYLIC ACID-CAFFEINE,multi_ingredient,oral,excluded,duplicate_ingredient_group,An earlier selected family already represents ingredient group hc_ing_be0f88aef41354f1.
310,hc_dpd_c47cc23ba55aa53f,SHEEN HYDRATING LIP BALM SPF 50,multi_ingredient,topical,excluded,document_availability,en Product Monograph missing for DPD codes 103419
311,hc_dpd_c90cd9f66bd4f8dd,NUVARING,multi_ingredient,other,excluded,fact_alignment,No source evidence found for hc_dpd_c90cd9f66bd4f8dd_en dosage_forms='RING (SLOW-RELEASE)'
312,hc_dpd_b836349723f0bea7,MYLAN-ABACAVIR/LAMIVUDINE,multi_ingredient,oral,retained,new_heldout,"Bilingual source, variant-link, language, text, and automated fact-evidence checks passed; human audit pending."
313,hc_dpd_26361415c3a71190,XYLOCAINE 1% W EPINEPHRINE 1:100000,multi_ingredient,parenteral,excluded,fact_alignment,No source evidence found for hc_dpd_26361415c3a71190_en brand_name='XYLOCAINE 1% W EPINEPHRINE 1:100000'
314,hc_dpd_da0bc262c3bc6472,XERESE,multi_ingredient,topical,retained,new_heldout,"Bilingual source, variant-link, language, text, and automated fact-evidence checks passed; human audit pending."
315,hc_dpd_5453f39103ac33a5,FLU RELIEF,multi_ingredient,oral,excluded,document_availability,en Product Monograph missing for DPD codes 86911
316,hc_dpd_ca498f6c1825d894,ACID CONCENTRATE A1231,multi_ingredient,other,excluded,document_availability,en Product Monograph missing for DPD codes 102283
317,hc_dpd_ced20211799b7cbc,DEXTROSE 5% AND 0.45% SOD CHLORIDE INJ,multi_ingredient,parenteral,excluded,fact_alignment,No source evidence found for hc_dpd_ced20211799b7cbc_en brand_name='DEXTROSE 5% AND 0.45% SOD CHLORIDE INJ'
318,hc_dpd_f1a593f661682e22,OXYGEN CARBON DIOXIDE MIXTURE,multi_ingredient,inhaled_or_nasal,excluded,document_availability,en Product Monograph missing for DPD codes 5686
319,hc_dpd_77d7e1b41c58e001,REFRESH OPTIVE FUSION,multi_ingredient,ophthalmic_or_otic,excluded,document_availability,en Product Monograph missing for DPD codes 91991
320,hc_dpd_4d2c6f81f668939a,COLD AND SINUS COMPLETE LIQUID GELS,multi_ingredient,oral,excluded,document_availability,en Product Monograph missing for DPD codes 83481
321,hc_dpd_9015aa495ffc03e3,COPPERTONE SUNSCREEN SPF 30 SPRAY SPORT,multi_ingredient,topical,excluded,document_availability,en Product Monograph missing for DPD codes 103672
322,hc_dpd_e5194e4c97331b52,ACID CONCENTRATE D12291,multi_ingredient,other,excluded,document_availability,en Product Monograph missing for DPD codes 20121
323,hc_dpd_99e1f0cf9fd83953,HOT LEMON RELIEF FOR SYMPTOMS OF COLD AND FLU EXTRA STRENGTH,multi_ingredient,oral,excluded,document_availability,en Product Monograph missing for DPD codes 62330
324,hc_dpd_a5d88412e556abc6,MULTI-12/K1 PEDIATRIC,multi_ingredient,parenteral,excluded,document_availability,fr Product Monograph missing for DPD codes 66277
325,hc_dpd_79b6c4414dc1a33e,PHOTO REGUL CREAM / CRÈME UNIFYING PROTECTIVE FACE CARE / SOIN PROTECTEUR VISAGE UNIFICATEUR SPF 25 / FPS 25,multi_ingredient,topical,excluded,document_availability,en Product Monograph missing for DPD codes 100574
326,hc_dpd_3b1873b33c35cf7c,CHILDREN'S TYLENOL COLD AND COUGH,multi_ingredient,oral,excluded,document_availability,en Product Monograph missing for DPD codes 26864
327,hc_dpd_560dc81829b4c2cc,ACID CONCENTRATE A1294,multi_ingredient,other,excluded,document_availability,en Product Monograph missing for DPD codes 75411
328,hc_dpd_0ac533222460ccce,PRISM0CAL B22K0/0,multi_ingredient,parenteral,excluded,fact_alignment,No source evidence found for hc_dpd_0ac533222460ccce_en routes='HAEMODIALYSIS'
329,hc_dpd_7eb12ce0fadb1dac,FLUMIST,multi_ingredient,inhaled_or_nasal,excluded,fact_alignment,"No source evidence found for hc_dpd_7eb12ce0fadb1dac_en ingredient {'name': 'INFLUENZA VIRUS TYPE B', 'strength': 32000000, 'unit': 'FFU'}"
330,hc_dpd_a0f8cf2132de05a3,APO-BRIMONIDINE-TIMOP,multi_ingredient,ophthalmic_or_otic,excluded,duplicate_ingredient_group,An earlier selected family already represents ingredient group hc_ing_2c0ed1bed8275b59.
331,hc_dpd_642a997c1edb19fc,AURO-TRAMADOL/ACETAMINOPHEN,multi_ingredient,oral,retained,new_heldout,"Bilingual source, variant-link, language, text, and automated fact-evidence checks passed; human audit pending."
332,hc_dpd_79e323bc8e005ec2,Z-PLUS SHAMPOO,multi_ingredient,topical,excluded,document_availability,en Product Monograph missing for DPD codes 10999
333,hc_dpd_168da1f4cff927e0,ACID CONCENTRATE D12286,multi_ingredient,other,excluded,document_availability,en Product Monograph missing for DPD codes 20116
334,hc_dpd_5c4f30a07d669391,APO-TRIAZIDE,multi_ingredient,oral,retained,new_heldout,"Bilingual source, variant-link, language, text, and automated fact-evidence checks passed; human audit pending."
335,hc_dpd_6e4f33d45914d82e,ADACEL-POLIO,multi_ingredient,parenteral,excluded,fact_alignment,"No source evidence found for hc_dpd_6e4f33d45914d82e_en ingredient {'name': 'POLIOVIRUS TYPE 2 MEF1', 'strength': 7, 'unit': 'UNIT'}"
336,hc_dpd_a2bcd785a181facd,ULTRA SHEER BODY MIST SUNSCREEN,multi_ingredient,topical,excluded,document_availability,en Product Monograph missing for DPD codes 99209
337,hc_dpd_6a81c75075ac9e4f,TOTAL COLD & FLU COMBO,multi_ingredient,oral,excluded,document_availability,en Product Monograph missing for DPD codes 86992
338,hc_dpd_e4425ad27fa18f00,ACID CONCENTRATE A1226,multi_ingredient,other,excluded,document_availability,en Product Monograph missing for DPD codes 73917
339,hc_dpd_ed23187855f13de8,(20MMOL/L) POTASSIUM CHLORIDE IN 0.9% SODIUM CHLORIDE INJECTION USP,multi_ingredient,parenteral,excluded,fact_alignment,No source evidence found for hc_dpd_ed23187855f13de8_en brand_name='(20MMOL/L) POTASSIUM CHLORIDE IN 0.9% SODIUM CHLORIDE INJECTION USP'
340,hc_dpd_d39dea7c280b3e42,"OXYGEN USP, HELIUM USP, MEDICAL GAS MIXTURE",multi_ingredient,inhaled_or_nasal,excluded,document_availability,en Product Monograph missing for DPD codes 13890
341,hc_dpd_0de26d2d7eea05a1,LATANOPROST / TIMOLOL,multi_ingredient,ophthalmic_or_otic,excluded,duplicate_ingredient_group,An earlier selected family already represents ingredient group hc_ing_de1c8e9af47f2666.
342,hc_dpd_8ad83181c32f2b8a,"BUCKLEY'S COMPLETE EXTRA STRENGTH COUGH, COLD AND FLU NIGHT",multi_ingredient,oral,excluded,document_availability,en Product Monograph missing for DPD codes 65249
343,hc_dpd_cd1f8d65f8b64e1c,EUCERIN COMPLETE HYDRATION LOTION,multi_ingredient,topical,excluded,document_availability,en Product Monograph missing for DPD codes 101589
344,hc_dpd_4499e6cb0c2c4c00,NATURALYTE H-402,multi_ingredient,other,excluded,document_availability,en Product Monograph missing for DPD codes 81275
345,hc_dpd_cc55180b49dc2e3b,NEOCITRAN ULTRA STRENGTH TOTAL FLU NIGHT,multi_ingredient,oral,excluded,document_availability,en Product Monograph missing for DPD codes 37105
346,hc_dpd_114370fc56bf5000,POSICAINE SP,multi_ingredient,parenteral,excluded,fact_alignment,No source evidence found for hc_dpd_114370fc56bf5000_en routes='BLOCK/INFILTRATION'
347,hc_dpd_7503d74a2f914447,HEMORRHOIDAL OINTMENT,multi_ingredient,topical,excluded,document_availability,en Product Monograph missing for DPD codes 99088
348,hc_dpd_6e8b14fd7652b4ca,CLÉO -35,multi_ingredient,oral,retained,new_heldout,"Bilingual source, variant-link, language, text, and automated fact-evidence checks passed; human audit pending."
349,hc_dpd_757641656f6f39ef,DIANEAL PD101 CAPD SOLUTION WITH 2.5% DEXTROSE,multi_ingredient,other,excluded,fact_alignment,No source evidence found for hc_dpd_757641656f6f39ef_en brand_name='DIANEAL PD101 CAPD SOLUTION WITH 2.5% DEXTROSE'
350,hc_dpd_54f35053741cbfd1,TD ADSORBED,multi_ingredient,parenteral,excluded,fact_alignment,No source evidence found for hc_dpd_54f35053741cbfd1_fr brand_name='TD ADSORBED'
351,hc_dpd_89d66bb93ab3e98e,CO-NE-O2-N2 MIXTURE,multi_ingredient,inhaled_or_nasal,excluded,document_availability,en Product Monograph missing for DPD codes 19100
352,hc_dpd_01157f8a36238f03,OPTIMYXIN,multi_ingredient,ophthalmic_or_otic,retained,new_heldout,"Bilingual source, variant-link, language, text, and automated fact-evidence checks passed; human audit pending."
353,hc_dpd_eb8a453691804ad1,"EXTRA STRENGTH TYLENOL COMPLETE COLD, COUGH & FLU PLUS MUCUS RELIEF NIGHTTIME",multi_ingredient,oral,excluded,document_availability,en Product Monograph missing for DPD codes 85048
354,hc_dpd_48ccbefa1f1267e5,ULTRA SHEER DRY-TOUCH SUNSCREEN,multi_ingredient,topical,excluded,document_availability,en Product Monograph missing for DPD codes 99210
355,hc_dpd_06d0bb21883073cb,ACID CONCENTRATE A1246,multi_ingredient,other,excluded,document_availability,en Product Monograph missing for DPD codes 102278
356,hc_dpd_752d155717126808,BI-PEGLYTE,multi_ingredient,oral,excluded,fact_alignment,No source evidence found for hc_dpd_752d155717126808_en dosage_forms='POWDER FOR SOLUTION'
357,hc_dpd_f9c87466a06cecef,MELPHALAN FOR INJECTION,multi_ingredient,parenteral,excluded,fact_alignment,No source evidence found for hc_dpd_f9c87466a06cecef_fr brand_name='MELPHALAN FOR INJECTION'
358,hc_dpd_2f73fdb5edb58ecd,OMBRELLE KIDS LOTION WET'N PROTECT,multi_ingredient,topical,excluded,document_availability,en Product Monograph missing for DPD codes 97925
359,hc_dpd_87f01c3bd98e9909,BENYLIN EXTRA STRENGTH COUGH & CHEST CONGESTION,multi_ingredient,oral,excluded,document_availability,en Product Monograph missing for DPD codes 75088
360,hc_dpd_688b3010b83676b0,DIANEAL PD101 CAPD SOLUTION WITH 4.25% DEXTROSE,multi_ingredient,other,excluded,fact_alignment,No source evidence found for hc_dpd_688b3010b83676b0_en brand_name='DIANEAL PD101 CAPD SOLUTION WITH 4.25% DEXTROSE'
361,hc_dpd_3a2aba9529426b8d,OGIVRI,multi_ingredient,parenteral,excluded,document_availability,fr Product Monograph missing for DPD codes 96454
362,hc_dpd_e73b19dffb4ffc8a,RHINARIS NASAL MIST,multi_ingredient,inhaled_or_nasal,excluded,document_availability,en Product Monograph missing for DPD codes 83972
363,hc_dpd_dfff3c88d6cc5bed,TEARS NATURALE FORTE,multi_ingredient,ophthalmic_or_otic,excluded,document_availability,en Product Monograph missing for DPD codes 70567
364,hc_dpd_46a558ac1490e5e4,TRIATEC-30,multi_ingredient,oral,retained,new_heldout,"Bilingual source, variant-link, language, text, and automated fact-evidence checks passed; human audit pending."
365,hc_dpd_6b1c221218786a67,CLÉ DE PEAU BEAUTÉ SOIN PROTECTEUR POUR LES LÈVRES PROTECTIVE LIP TREATMENT 25,multi_ingredient,topical,excluded,document_availability,en Product Monograph missing for DPD codes 101388
366,hc_dpd_9d89ffeb783ac437,ACARIZAX,multi_ingredient,other,excluded,fact_alignment,"No source evidence found for hc_dpd_9d89ffeb783ac437_en ingredient {'name': 'DERMATOPHAGOIDES FARINAE', 'strength': 6, 'unit': 'UNIT'}"
367,hc_dpd_f52e6ffa64b05046,BENYLIN REGULAR STRENGTH COUGH PLUS CHEST CONGESTION RELIEF,multi_ingredient,oral,excluded,document_availability,en Product Monograph missing for DPD codes 12449
368,hc_dpd_883525a74e8a425b,ISOLYTE S (MULTI-ELECTROLYTE INJECTION),multi_ingredient,parenteral,excluded,document_availability,en Product Monograph missing for DPD codes 12741
369,hc_dpd_ac81f0a27be42594,KIDS 50 CLEAR SUNSCREEN LOTION,multi_ingredient,topical,excluded,document_availability,en Product Monograph missing for DPD codes 102605
370,hc_dpd_dbe0b0040f87c842,EXTRA STRENGTH HEAD COLD AND SINUS,multi_ingredient,oral,excluded,document_availability,en Product Monograph missing for DPD codes 73003
371,hc_dpd_a9400b28a1ab48bb,NATURALYTE H-623,multi_ingredient,other,excluded,document_availability,en Product Monograph missing for DPD codes 81577
372,hc_dpd_5258beba97d84fe6,HUMALOG MIX 50 (KWIKPEN),multi_ingredient,parenteral,excluded,fact_alignment,No source evidence found for hc_dpd_5258beba97d84fe6_en brand_name='HUMALOG MIX 50 (KWIKPEN)'
373,hc_dpd_5143e4ab7c13b031,HELIUM / OXYGEN MIXTURE,multi_ingredient,inhaled_or_nasal,excluded,document_availability,en Product Monograph missing for DPD codes 19290
374,hc_dpd_50a605ea36a812ab,DORZOLAMIDE-TIMOLOL,multi_ingredient,ophthalmic_or_otic,excluded,duplicate_ingredient_group,An earlier selected family already represents ingredient group hc_ing_9d0539402a558375.
375,hc_dpd_7229031cd496de63,BENYLIN EXTRA STRENGTH COUGH COMPLETE,multi_ingredient,oral,excluded,document_availability,en Product Monograph missing for DPD codes 75087
376,hc_dpd_cf3a8c73f4e0791d,NOURISHING DAY CREAM CRÈME DE JOUR NOURRISSANTE SPF 15 FPS 15,multi_ingredient,topical,excluded,document_availability,en Product Monograph missing for DPD codes 103164
377,hc_dpd_fe0494010700420f,PHYSIONEAL 40 GLUCOSE 2.27% CLEAR-FLEX,multi_ingredient,other,excluded,fact_alignment,No source evidence found for hc_dpd_fe0494010700420f_en routes='HAEMODIALYSIS (INTRAPERITONEAL)'
378,hc_dpd_2a9c92b1bcb17c89,BENYLIN EXTRA STRENGTH COUGH & CHEST CONGESTION WITH WARMING SENSATION,multi_ingredient,oral,excluded,document_availability,en Product Monograph missing for DPD codes 13440
379,hc_dpd_a93dd550bbed656b,HEPARIN SODIUM 20000UNITS IN 5% DEXTROSE INJ,multi_ingredient,parenteral,excluded,fact_alignment,No source evidence found for hc_dpd_a93dd550bbed656b_en brand_name='HEPARIN SODIUM 20000UNITS IN 5% DEXTROSE INJ'
380,hc_dpd_61b9b01caf49e51d,COOLA CLEAR SUNSCREEN SPRAY PINA COLADA SCENT,multi_ingredient,topical,excluded,document_availability,en Product Monograph missing for DPD codes 99956
381,hc_dpd_d8dc8d5f22144298,VICKS NYQUIL COMPLETE COLD & FLU LIQUICAPS,multi_ingredient,oral,excluded,document_availability,en Product Monograph missing for DPD codes 97379
382,hc_dpd_b71b93e7d764d2bb,SOLUPREP APPLICATOR,multi_ingredient,other,excluded,document_availability,en Product Monograph missing for DPD codes 86799
383,hc_dpd_a5f95b2cd54c5065,VYXEOS,multi_ingredient,parenteral,retained,new_heldout,"Bilingual source, variant-link, language, text, and automated fact-evidence checks passed; human audit pending."
384,hc_dpd_3eb6a0abdd09ccf9,CARBOGEN,multi_ingredient,inhaled_or_nasal,excluded,document_availability,en Product Monograph missing for DPD codes 19293
385,hc_dpd_cc20d74d3c39f3eb,COLLYRE BLEU LAITER,multi_ingredient,ophthalmic_or_otic,excluded,document_availability,en Product Monograph missing for DPD codes 7203
386,hc_dpd_34d98d93392a3059,JALYN,multi_ingredient,oral,excluded,fact_alignment,No source evidence found for hc_dpd_34d98d93392a3059_en dosage_forms='CAPSULE (IMMEDIATE AND EXTENDED RELEASE)'
387,hc_dpd_6d2407559c21f77c,SUNSCREEN LOTION 50 SPF FPS,multi_ingredient,topical,excluded,document_availability,en Product Monograph missing for DPD codes 98512
388,hc_dpd_7d1583373526ddd2,ACID CONCENTRATE A1262,multi_ingredient,other,excluded,document_availability,en Product Monograph missing for DPD codes 74787
389,hc_dpd_bcb5746f770e4d3d,TYLENOL ULTRA RELIEF,multi_ingredient,oral,excluded,document_availability,en Product Monograph missing for DPD codes 73935
390,hc_dpd_dc015ac8540b8ac2,ULTRACAINE D-S INJECTION,multi_ingredient,parenteral,excluded,fact_alignment,No source evidence found for hc_dpd_dc015ac8540b8ac2_en routes='BLOCK/INFILTRATION'
391,hc_dpd_1622782bdd39d1df,LAIT FAMILLE - VISAGE & CORPS,multi_ingredient,topical,excluded,document_availability,en Product Monograph missing for DPD codes 104161
392,hc_dpd_783317a4dd6d3819,JACK & JILL MULTI-SYMPTOM COLD & COUGH,multi_ingredient,oral,excluded,document_availability,en Product Monograph missing for DPD codes 102260
393,hc_dpd_901673ded240e3ed,ACID CONCENTRATE D12201,multi_ingredient,other,excluded,document_availability,en Product Monograph missing for DPD codes 9852
394,hc_dpd_e9c9a0a19105f27a,PH 12 STERILE DILUENT FOR FLOLAN,multi_ingredient,parenteral,excluded,fact_alignment,No source evidence found for hc_dpd_e9c9a0a19105f27a_fr brand_name='PH 12 STERILE DILUENT FOR FLOLAN'
395,hc_dpd_c9ba493c5396b21b,"OXYGEN USP, NITROGEN NF, MEDICAL GAS MIXTURE",multi_ingredient,inhaled_or_nasal,excluded,document_availability,en Product Monograph missing for DPD codes 13894
396,hc_dpd_dc3c74cd2ece3b38,APO-DORZO-TIMOP,multi_ingredient,ophthalmic_or_otic,excluded,duplicate_ingredient_group,An earlier selected family already represents ingredient group hc_ing_9d0539402a558375.
397,hc_dpd_5fdc29bfff08997e,NIGHTTIME COLD AND FLU RELIEF,multi_ingredient,oral,excluded,document_availability,en Product Monograph missing for DPD codes 106252
398,hc_dpd_9298b38cad58094c,DYNAMIC SKIN RECOVERY,multi_ingredient,topical,excluded,document_availability,en Product Monograph missing for DPD codes 102697
399,hc_dpd_f771271fc005833c,ACID CONCENTRATE A1298,multi_ingredient,other,excluded,document_availability,en Product Monograph missing for DPD codes 92029
400,hc_dpd_147a8cf2a8ead612,AA-AMILZIDE,multi_ingredient,oral,retained,new_heldout,"Bilingual source, variant-link, language, text, and automated fact-evidence checks passed; human audit pending."
401,hc_dpd_28e88dae880ea1c7,MICRO+6 CONCENTRATE,multi_ingredient,parenteral,excluded,fact_alignment,No source evidence found for hc_dpd_28e88dae880ea1c7_fr brand_name='MICRO+6 CONCENTRATE'
402,hc_dpd_9cd63900fea0f61c,LANEIGE HYDRO UV DEFENSE EX,multi_ingredient,topical,excluded,document_availability,en Product Monograph missing for DPD codes 103417
403,hc_dpd_f8c49546ab86d1a7,MUSCLE AND BACK PAIN PLATINUM RELIEF,multi_ingredient,oral,excluded,fact_alignment,No source evidence found for hc_dpd_f8c49546ab86d1a7_fr brand_name='MUSCLE AND BACK PAIN PLATINUM RELIEF'
404,hc_dpd_767c8745a9e33f67,DIANEAL PD101 CAPD SOLUTION WITH 0.5% DEXTROSE,multi_ingredient,other,excluded,fact_alignment,No source evidence found for hc_dpd_767c8745a9e33f67_en brand_name='DIANEAL PD101 CAPD SOLUTION WITH 0.5% DEXTROSE'
405,hc_dpd_edb9fd5c313b1937,SCLERODEX,multi_ingredient,parenteral,excluded,document_availability,en Product Monograph missing for DPD codes 14183
406,hc_dpd_cea32f15f0b57ba8,SYMBICORT 200 TURBUHALER,multi_ingredient,inhaled_or_nasal,excluded,duplicate_ingredient_group,An earlier selected family already represents ingredient group hc_ing_43a2e95d8538a704.
407,hc_dpd_2c9dc4ef26788746,SOFRACORT,multi_ingredient,ophthalmic_or_otic,retained,new_heldout,"Bilingual source, variant-link, language, text, and automated fact-evidence checks passed; human audit pending."
408,hc_dpd_54cab287b5484bc3,DAYTIME COLD & FLU LIQUID CAPSULES,multi_ingredient,oral,excluded,document_availability,en Product Monograph missing for DPD codes 74414
409,hc_dpd_fa44659c1a741392,UNSEEN SUNSCREEN LIP PROTECTOR,multi_ingredient,topical,excluded,document_availability,en Product Monograph missing for DPD codes 103132
410,hc_dpd_95851db0bb68a059,ACID CONCENTRATE A1225,multi_ingredient,other,excluded,document_availability,en Product Monograph missing for DPD codes 73919
411,hc_dpd_5555e7440852f50b,SULFATRIM DS,multi_ingredient,oral,excluded,document_availability,fr Product Monograph missing for DPD codes 3679
412,hc_dpd_a7ce1f58a5f157c7,PRIMENE 10%,multi_ingredient,parenteral,excluded,fact_alignment,"No source evidence found for hc_dpd_a7ce1f58a5f157c7_en ingredient {'name': 'L-ORNITHINE DIHYDROCHLORIDE', 'strength': 318, 'unit': 'MG'}"
413,hc_dpd_e85ab98ef831cf8c,LOTION SOLAIRE CORPS FPS 30,multi_ingredient,topical,excluded,document_availability,en Product Monograph missing for DPD codes 99426
414,hc_dpd_29a700a30cc8e32a,MARVELON 21,multi_ingredient,oral,retained,new_heldout,"Bilingual source, variant-link, language, text, and automated fact-evidence checks passed; human audit pending."
415,hc_dpd_e714ff906b7b7100,ANTICOAGULANT CITRATE DEXTROSE SOLUTION USP (ACD) FORMULA A,multi_ingredient,other,excluded,document_availability,en Product Monograph missing for DPD codes 95858
416,hc_dpd_745caf5d97b8c48b,"LACTATED RINGER'S AND 5% DEXTROSE INJECTION, USP",multi_ingredient,parenteral,excluded,fact_alignment,"No source evidence found for hc_dpd_745caf5d97b8c48b_fr brand_name=""LACTATED RINGER'S AND 5% DEXTROSE INJECTION, USP"""
417,hc_dpd_98ed8706f809d84a,HELIUM OXYGEN MIXTURE,multi_ingredient,inhaled_or_nasal,excluded,document_availability,en Product Monograph missing for DPD codes 5689
418,hc_dpd_ab41237ef0eae7e5,POLYSPORIN EYE AND EAR DROPS STERILE,multi_ingredient,ophthalmic_or_otic,excluded,document_availability,en Product Monograph missing for DPD codes 62612
419,hc_dpd_2d463d6526a1946c,COVERSYL PLUS HD,multi_ingredient,oral,retained,new_heldout,"Bilingual source, variant-link, language, text, and automated fact-evidence checks passed; human audit pending."
420,hc_dpd_9ca9c6503c45ea4c,SPORT SUNSCREEN,multi_ingredient,topical,excluded,document_availability,en Product Monograph missing for DPD codes 93321
421,hc_dpd_d56b8354a4606391,"BALANCE 4.25% GLUCOSE, 1.25 MMOL/L CALCIUM",multi_ingredient,other,excluded,document_availability,en Product Monograph missing for DPD codes 74648
422,hc_dpd_0ffb50d729ad5ade,CORICIDIN COLD & FLU LIQUID GELS,multi_ingredient,oral,excluded,document_availability,en Product Monograph missing for DPD codes 99977
423,hc_dpd_a04d771a25a9dcc7,PROQUAD,multi_ingredient,parenteral,excluded,fact_alignment,"No source evidence found for hc_dpd_a04d771a25a9dcc7_en ingredient {'name': 'MEASLES VIRUS LIVE ATTENUATED', 'strength': 3, 'unit': 'Log10 TCID50'}"
424,hc_dpd_d5ca7612ca2d06fb,LAIT SOLAIRE CORPS FPS 50+,multi_ingredient,topical,excluded,document_availability,en Product Monograph missing for DPD codes 98447
425,hc_dpd_e3e74722c86d8f79,TEVA-LENOLTEC NO. 1,multi_ingredient,oral,retained,new_heldout,"Bilingual source, variant-link, language, text, and automated fact-evidence checks passed; human audit pending."
426,hc_dpd_523a9a15f30296b9,TIS-U-SOL SOLUTION,multi_ingredient,other,excluded,document_availability,en Product Monograph missing for DPD codes 10939
427,hc_dpd_d9617cf98a4e8fdb,LACTATED RINGER'S INJECTION,multi_ingredient,parenteral,excluded,document_availability,en Product Monograph missing for DPD codes 1745
428,hc_dpd_d80761f89e64ce24,ALNOX GAS,multi_ingredient,inhaled_or_nasal,excluded,document_availability,en Product Monograph missing for DPD codes 18513
429,hc_dpd_1e373c54bc5b2292,STERISPORIN,multi_ingredient,ophthalmic_or_otic,excluded,document_availability,en Product Monograph missing for DPD codes 84489
430,hc_dpd_5f8c478b6f110a61,NEOCITRAN ULTRA STRENGTH FLU & COLD NIGHT,multi_ingredient,oral,excluded,document_availability,en Product Monograph missing for DPD codes 104343
431,hc_dpd_e3d959ded778f2cb,YOUTH-EXTENDING DAILY HYDRATING FLUID,multi_ingredient,topical,excluded,document_availability,en Product Monograph missing for DPD codes 102766
432,hc_dpd_7fa01c8edc459408,ANTICOAGULANT SOLUTION CITRATE PHOSPHATE DEXTROSE (CPD),multi_ingredient,other,excluded,document_availability,en Product Monograph missing for DPD codes 92893
433,hc_dpd_1eb15559e5cc85fc,EXTRA STRENGTH TYLENOL BODY PAIN NIGHT,multi_ingredient,oral,excluded,document_availability,en Product Monograph missing for DPD codes 84247
434,hc_dpd_f545d278184d6288,TARO-IMIPENEM-CILASTATIN,multi_ingredient,parenteral,retained,new_heldout,"Bilingual source, variant-link, language, text, and automated fact-evidence checks passed; human audit pending."
435,hc_dpd_8dc1a6848e341ce6,SALONPAS PAIN RELIEVING SOLUTION,multi_ingredient,topical,excluded,document_availability,en Product Monograph missing for DPD codes 100062
436,hc_dpd_64eeba0003c8a602,TRIUMEQ,multi_ingredient,oral,retained,new_heldout,"Bilingual source, variant-link, language, text, and automated fact-evidence checks passed; human audit pending."
437,hc_dpd_c452121698d8eedf,SANDOZ PRAMIPEXOLE,multi_variant,oral,retained,new_heldout,"Bilingual source, variant-link, language, text, and automated fact-evidence checks passed; human audit pending."
438,hc_dpd_9226b6d7d6311169,TYENNE,multi_variant,parenteral,retained,new_heldout,"Bilingual source, variant-link, language, text, and automated fact-evidence checks passed; human audit pending."
439,hc_dpd_a1b0959d501c69f8,TEVA-FENTANYL,multi_variant,topical,retained,new_heldout,"Bilingual source, variant-link, language, text, and automated fact-evidence checks passed; human audit pending."
440,hc_dpd_1e9b078da4e50754,TARO-PERAMPANEL,multi_variant,oral,retained,new_heldout,"Bilingual source, variant-link, language, text, and automated fact-evidence checks passed; human audit pending."
441,hc_dpd_f06da70ebbca5c35,IMVEXXY,multi_variant,other,retained,new_heldout,"Bilingual source, variant-link, language, text, and automated fact-evidence checks passed; human audit pending."
442,hc_dpd_beb9ec12b1a19300,CEFAZOLIN SODIUM FOR INJECTION BP,multi_variant,parenteral,retained,new_heldout,"Bilingual source, variant-link, language, text, and automated fact-evidence checks passed; human audit pending."
443,hc_dpd_87b57b93c94708b5,OXEZE TURBUHALER,multi_variant,inhaled_or_nasal,retained,new_heldout,"Bilingual source, variant-link, language, text, and automated fact-evidence checks passed; human audit pending."
444,hc_dpd_531bcafc30536276,SANDOZ TIMOLOL,multi_variant,ophthalmic_or_otic,retained,new_heldout,"Bilingual source, variant-link, language, text, and automated fact-evidence checks passed; human audit pending."
445,hc_dpd_2b59829c4fadd7cf,APO-TERAZOSIN,multi_variant,oral,retained,new_heldout,"Bilingual source, variant-link, language, text, and automated fact-evidence checks passed; human audit pending."
446,hc_dpd_c709fa934174bec8,ELOCOM,multi_variant,topical,retained,new_heldout,"Bilingual source, variant-link, language, text, and automated fact-evidence checks passed; human audit pending."
447,hc_dpd_67ec6c38ae23cecb,MINT-ZOLPIDEM ODT,multi_variant,other,excluded,fact_alignment,No source evidence found for hc_dpd_67ec6c38ae23cecb_en dosage_forms='TABLET (ORALLY DISINTEGRATING)'
448,hc_dpd_9e4c289f3ec248f0,SANDOZ BISOPROLOL TABLETS,multi_variant,oral,retained,new_heldout,"Bilingual source, variant-link, language, text, and automated fact-evidence checks passed; human audit pending."
449,hc_dpd_348ddc0d132b3c19,HYRIMOZ,multi_variant,parenteral,retained,new_heldout,"Bilingual source, variant-link, language, text, and automated fact-evidence checks passed; human audit pending."
450,hc_dpd_ad944eaa42055f08,PDP-DESONIDE,multi_variant,topical,retained,new_heldout,"Bilingual source, variant-link, language, text, and automated fact-evidence checks passed; human audit pending."
451,hc_dpd_b1a194aeeb9d3918,MAR-AMITRIPTYLINE,multi_variant,oral,retained,new_heldout,"Bilingual source, variant-link, language, text, and automated fact-evidence checks passed; human audit pending."
452,hc_dpd_841e6e9b6ecf3f57,SAPHRIS,multi_variant,other,retained,new_heldout,"Bilingual source, variant-link, language, text, and automated fact-evidence checks passed; human audit pending."
453,hc_dpd_1eb96fee046363ec,LEUCOVORIN CALCIUM INJECTION USP,multi_variant,parenteral,retained,new_heldout,"Bilingual source, variant-link, language, text, and automated fact-evidence checks passed; human audit pending."
454,hc_dpd_6a220b35b8f4fca5,PENTHROX,multi_variant,inhaled_or_nasal,excluded,fact_alignment,No source evidence found for hc_dpd_6a220b35b8f4fca5_en dosage_forms='KIT'
455,hc_dpd_cc2ab640bb2df611,MAXIDEX,multi_variant,ophthalmic_or_otic,retained,new_heldout,"Bilingual source, variant-link, language, text, and automated fact-evidence checks passed; human audit pending."
456,hc_dpd_6863335feefef99a,ZOPICLONE,multi_variant,oral,retained,new_heldout,"Bilingual source, variant-link, language, text, and automated fact-evidence checks passed; human audit pending."
457,hc_dpd_ed8a7b8100355c97,TEVA-MOMETASONE,multi_variant,topical,excluded,variant_alignment,en DPD variants resolve to 2 documents
458,hc_dpd_0d3f826a312f27ee,BUCCOLAM,multi_variant,other,retained,new_heldout,"Bilingual source, variant-link, language, text, and automated fact-evidence checks passed; human audit pending."
459,hc_dpd_404d5e5f8b35ead7,TEVA-FUROSEMIDE,multi_variant,oral,retained,new_heldout,"Bilingual source, variant-link, language, text, and automated fact-evidence checks passed; human audit pending."
460,hc_dpd_5f16c24567c6c335,TRUXIMA,multi_variant,parenteral,retained,new_heldout,"Bilingual source, variant-link, language, text, and automated fact-evidence checks passed; human audit pending."
461,hc_dpd_1664548bce00e3eb,DIFFERIN,multi_variant,topical,excluded,duplicate_ingredient_group,An earlier selected family already represents ingredient group hc_ing_84a5092e4a5b6fe9.
462,hc_dpd_0231fff5e9dde1c8,SANDOZ APREMILAST,multi_variant,oral,retained,new_heldout,"Bilingual source, variant-link, language, text, and automated fact-evidence checks passed; human audit pending."
463,hc_dpd_5b3ebf463835629c,PMS-ZOLPIDEM ODT,multi_variant,other,excluded,fact_alignment,No source evidence found for hc_dpd_5b3ebf463835629c_en dosage_forms='TABLET (ORALLY DISINTEGRATING)'
464,hc_dpd_981adef1ee886230,YESINTEK,multi_variant,parenteral,excluded,document_availability,"fr Product Monograph missing for DPD codes 106500, 106501"
465,hc_dpd_46cd8e6f46b033b3,PMS-SALBUTAMOL,multi_variant,inhaled_or_nasal,retained,new_heldout,"Bilingual source, variant-link, language, text, and automated fact-evidence checks passed; human audit pending."
466,hc_dpd_33284dc798999fac,MYDRIACYL,multi_variant,ophthalmic_or_otic,excluded,duplicate_ingredient_group,An earlier selected family already represents ingredient group hc_ing_ac7adad6960b53d3.
467,hc_dpd_052ab9b85b8b7b21,CARBOLITH,multi_variant,oral,excluded,fact_alignment,No source evidence found for hc_dpd_052ab9b85b8b7b21_fr dosage_forms='Capsule'
468,hc_dpd_e061f246f8141701,LAMISIL,multi_variant,topical,excluded,fact_alignment,No source evidence found for hc_dpd_e061f246f8141701_fr dosage_forms='Pulvérisation'
469,hc_dpd_1fb5bb2e71806452,LORAZEPAM SUBLINGUAL,multi_variant,other,retained,new_heldout,"Bilingual source, variant-link, language, text, and automated fact-evidence checks passed; human audit pending."
470,hc_dpd_b3673e5f3d3b9ede,NINLARO,multi_variant,oral,retained,new_heldout,"Bilingual source, variant-link, language, text, and automated fact-evidence checks passed; human audit pending."
471,hc_dpd_49b68db942d82cfc,ZYVOXAM,multi_variant,parenteral,retained,new_heldout,"Bilingual source, variant-link, language, text, and automated fact-evidence checks passed; human audit pending."
472,hc_dpd_5465e9fa59229318,SODIUM CHLORIDE IRRIGATION USP,multi_variant,topical,excluded,document_availability,"en Product Monograph missing for DPD codes 1239, 228"
473,hc_dpd_ab993e6a1d0f5681,TEVA-LIOTHYRONINE,multi_variant,oral,retained,new_heldout,"Bilingual source, variant-link, language, text, and automated fact-evidence checks passed; human audit pending."
474,hc_dpd_7598e3b6c4b335e6,APO-ZOLPIDEM ODT,multi_variant,other,excluded,fact_alignment,No source evidence found for hc_dpd_7598e3b6c4b335e6_en dosage_forms='TABLET (ORALLY DISINTEGRATING)'
475,hc_dpd_b098f5344d27f8ea,BEYFORTUS,multi_variant,parenteral,retained,new_heldout,"Bilingual source, variant-link, language, text, and automated fact-evidence checks passed; human audit pending."
476,hc_dpd_7c6b33807dfdc72d,PROVOCHOLINE,multi_variant,inhaled_or_nasal,excluded,fact_alignment,No source evidence found for hc_dpd_7c6b33807dfdc72d_en dosage_forms='POWDER FOR SOLUTION'
477,hc_dpd_1abad231d33df6d3,MINIMS PHENYLEPHRINE HYDROCHLORIDE,multi_variant,ophthalmic_or_otic,excluded,document_validation,"PDF language could not be validated (English markers=2, French markers=1)"
478,hc_dpd_0b5344dc025817c7,APO-LANSOPRAZOLE,multi_variant,oral,excluded,fact_alignment,No source evidence found for hc_dpd_0b5344dc025817c7_fr dosage_forms='Capsule (à libération retardée)'
479,hc_dpd_24af59cf1b318c7c,ARISTOCORT R,multi_variant,topical,retained,new_heldout,"Bilingual source, variant-link, language, text, and automated fact-evidence checks passed; human audit pending."
480,hc_dpd_358d1b2a26fe5b46,ORALAIR,multi_variant,other,excluded,fact_alignment,"No source evidence found for hc_dpd_358d1b2a26fe5b46_fr ingredient {'name': 'Extrait de Pollen de Plantes Herbacées', 'strength': 100, 'unit': 'Unité'}"
481,hc_dpd_800009b2c9caf87d,MINT-ACYCLOVIR,multi_variant,oral,retained,new_heldout,"Bilingual source, variant-link, language, text, and automated fact-evidence checks passed; human audit pending."
482,hc_dpd_a479813296257341,RECOMBIVAX HB,multi_variant,parenteral,excluded,fact_alignment,No source evidence found for hc_dpd_a479813296257341_en dosage_forms='SOLUTION'
483,hc_dpd_34379d6cd1a7c44d,VITAMIN A ACID,multi_variant,topical,retained,new_heldout,"Bilingual source, variant-link, language, text, and automated fact-evidence checks passed; human audit pending."
484,hc_dpd_5f97d77fe629795a,ZYDELIG,multi_variant,oral,retained,new_heldout,"Bilingual source, variant-link, language, text, and automated fact-evidence checks passed; human audit pending."
485,hc_dpd_0d7adcff56dee667,SUBLINOX,multi_variant,other,excluded,fact_alignment,No source evidence found for hc_dpd_0d7adcff56dee667_en dosage_forms='TABLET (ORALLY DISINTEGRATING)'
486,hc_dpd_5a8993206af0ae1a,COMIRNATY,multi_variant,parenteral,retained,new_heldout,"Bilingual source, variant-link, language, text, and automated fact-evidence checks passed; human audit pending."
487,hc_dpd_68c60c31d7177fb9,ARNUITY ELLIPTA,multi_variant,inhaled_or_nasal,retained,new_heldout,"Bilingual source, variant-link, language, text, and automated fact-evidence checks passed; human audit pending."
488,hc_dpd_c84642e33219e548,TOBREX,multi_variant,ophthalmic_or_otic,excluded,duplicate_ingredient_group,An earlier selected family already represents ingredient group hc_ing_dc2ee521c7b4ea99.
489,hc_dpd_cc27fef0e308f16f,FAMOTIDINE,multi_variant,oral,retained,new_heldout,"Bilingual source, variant-link, language, text, and automated fact-evidence checks passed; human audit pending."
490,hc_dpd_64fe4cbed3501d61,TEVA-TOPISONE,multi_variant,topical,retained,new_heldout,"Bilingual source, variant-link, language, text, and automated fact-evidence checks passed; human audit pending."
491,hc_dpd_b467ea6b7a4798a6,DDAVP MELT,multi_variant,other,excluded,fact_alignment,No source evidence found for hc_dpd_b467ea6b7a4798a6_en dosage_forms='TABLET (ORALLY DISINTEGRATING)'
492,hc_dpd_50ba913cab318fd3,CLINDAMYCIN,multi_variant,oral,retained,new_heldout,"Bilingual source, variant-link, language, text, and automated fact-evidence checks passed; human audit pending."
493,hc_dpd_1ad14f07fc0d1cc5,"MIDAZOLAM INJECTION, USP",multi_variant,parenteral,excluded,fact_alignment,"No source evidence found for hc_dpd_1ad14f07fc0d1cc5_fr brand_name='MIDAZOLAM INJECTION, USP'"
494,hc_dpd_74cece976d2c1710,SANDOZ FENTANYL PATCH,multi_variant,topical,excluded,duplicate_ingredient_group,An earlier selected family already represents ingredient group hc_ing_2239804df6c32522.
495,hc_dpd_ee9f6a69de5e3799,RIVA-GABAPENTIN,multi_variant,oral,retained,new_heldout,"Bilingual source, variant-link, language, text, and automated fact-evidence checks passed; human audit pending."
496,hc_dpd_9425627f287a0d2c,NITROSTAT,multi_variant,other,retained,new_heldout,"Bilingual source, variant-link, language, text, and automated fact-evidence checks passed; human audit pending."
497,hc_dpd_732a52a92f28c71e,TRURAPI,multi_variant,parenteral,retained,new_heldout,"Bilingual source, variant-link, language, text, and automated fact-evidence checks passed; human audit pending."
498,hc_dpd_e3fc2c9d385fa5fa,MINT-LOSARTAN/HCTZ,multi_ingredient_multi_variant,oral,excluded,duplicate_ingredient_group,An earlier selected family already represents ingredient group hc_ing_dc243d3cdf2c703c.
499,hc_dpd_a85010fc0ffad342,PHESGO,multi_ingredient_multi_variant,parenteral,retained,new_heldout,"Bilingual source, variant-link, language, text, and automated fact-evidence checks passed; human audit pending."
500,hc_dpd_edd0bc791aa8fcd4,VISTASEAL,multi_ingredient_multi_variant,topical,retained,new_heldout,"Bilingual source, variant-link, language, text, and automated fact-evidence checks passed; human audit pending."
501,hc_dpd_e39b85faf09255f6,RIVA-TELMISARTAN/AMLODIPINE,multi_ingredient_multi_variant,oral,retained,new_heldout,"Bilingual source, variant-link, language, text, and automated fact-evidence checks passed; human audit pending."
502,hc_dpd_2a0bd77c65e44142,PMS-BUPRENORPHINE-NALOXONE,multi_ingredient_multi_variant,other,retained,new_heldout,"Bilingual source, variant-link, language, text, and automated fact-evidence checks passed; human audit pending."
503,hc_dpd_c740a0c63129b350,PIPERACILLIN AND TAZOBACTAM FOR INJECTION,multi_ingredient_multi_variant,parenteral,excluded,fact_alignment,No source evidence found for hc_dpd_c740a0c63129b350_en dosage_forms='POWDER FOR SOLUTION'
504,hc_dpd_1d9bc02e18f10dac,BREO ELLIPTA,multi_ingredient_multi_variant,inhaled_or_nasal,retained,new_heldout,"Bilingual source, variant-link, language, text, and automated fact-evidence checks passed; human audit pending."
505,hc_dpd_3c01f49c29f6efaf,MAXITROL,multi_ingredient_multi_variant,ophthalmic_or_otic,retained,new_heldout,"Bilingual source, variant-link, language, text, and automated fact-evidence checks passed; human audit pending."
506,hc_dpd_67535c681122e884,LONSURF,multi_ingredient_multi_variant,oral,retained,new_heldout,"Bilingual source, variant-link, language, text, and automated fact-evidence checks passed; human audit pending."
507,hc_dpd_46430cebbd4495a4,TISSEEL,multi_ingredient_multi_variant,topical,retained,new_heldout,"Bilingual source, variant-link, language, text, and automated fact-evidence checks passed; human audit pending."
508,hc_dpd_11d0527904967a3d,SUBOXONE,multi_ingredient_multi_variant,other,excluded,duplicate_ingredient_group,An earlier selected family already represents ingredient group hc_ing_55887f74f8d74465.
509,hc_dpd_cdc8e15d496fb074,MYLAN-AMLODIPINE/ATORVASTATIN,multi_ingredient_multi_variant,oral,retained,new_heldout,"Bilingual source, variant-link, language, text, and automated fact-evidence checks passed; human audit pending."
510,hc_dpd_e4c13ba9702f3c54,HYQVIA,multi_ingredient_multi_variant,parenteral,retained,new_heldout,"Bilingual source, variant-link, language, text, and automated fact-evidence checks passed; human audit pending."
511,hc_dpd_7904585726e50763,JANUMET XR,multi_ingredient_multi_variant,oral,excluded,fact_alignment,No source evidence found for hc_dpd_7904585726e50763_en dosage_forms='TABLET (EXTENDED-RELEASE)'
512,hc_dpd_b071a3a191aaa1f2,TEVA-BUPRENORPHINE/NALOXONE,multi_ingredient_multi_variant,other,excluded,duplicate_ingredient_group,An earlier selected family already represents ingredient group hc_ing_55887f74f8d74465.
513,hc_dpd_f0e2ea92cf6230fd,FLUZONE,multi_ingredient_multi_variant,parenteral,excluded,duplicate_ingredient_group,An earlier selected family already represents ingredient group hc_ing_e57253932d8ed63f.
514,hc_dpd_081ba846a2fd5b7c,TRELEGY ELLIPTA,multi_ingredient_multi_variant,inhaled_or_nasal,retained,new_heldout,"Bilingual source, variant-link, language, text, and automated fact-evidence checks passed; human audit pending."
515,hc_dpd_e86a94045960003f,TOBRADEX,multi_ingredient_multi_variant,ophthalmic_or_otic,retained,new_heldout,"Bilingual source, variant-link, language, text, and automated fact-evidence checks passed; human audit pending."
516,hc_dpd_c2fad45d252cf41d,JAMP PERINDOPRIL/INDAPAMIDE,multi_ingredient_multi_variant,oral,excluded,duplicate_ingredient_group,An earlier selected family already represents ingredient group hc_ing_dffcfe07b5600526.
517,hc_dpd_e1f93c4b6ff9bc2f,NXSTAGE PUREFLOW SOLUTION,multi_ingredient_multi_variant,other,excluded,document_availability,"en Product Monograph missing for DPD codes 92790, 92791"
518,hc_dpd_228add779c9af494,SANDOZ SACUBITRIL-VALSARTAN,multi_ingredient_multi_variant,oral,retained,new_heldout,"Bilingual source, variant-link, language, text, and automated fact-evidence checks passed; human audit pending."
519,hc_dpd_d21cf6527d82639c,HUMATE-P,multi_ingredient_multi_variant,parenteral,excluded,fact_alignment,No source evidence found for hc_dpd_d21cf6527d82639c_en dosage_forms='POWDER FOR SOLUTION'
520,hc_dpd_409450f45758e5d1,ALYFTREK,multi_ingredient_multi_variant,oral,retained,new_heldout,"Bilingual source, variant-link, language, text, and automated fact-evidence checks passed; human audit pending."
521,hc_dpd_2996223b973b5706,CLINIMIX E,multi_ingredient_multi_variant,parenteral,excluded,fact_alignment,"No source evidence found for hc_dpd_2996223b973b5706_en ingredient {'name': 'L-LEUCINE HYDROCHLORIDE', 'strength': 310, 'unit': 'MG'}"
522,hc_dpd_a3e54d0e31f9ada8,ZENHALE,multi_ingredient_multi_variant,inhaled_or_nasal,excluded,fact_alignment,"No source evidence found for hc_dpd_a3e54d0e31f9ada8_en dosage_forms='AEROSOL, METERED DOSE'"
523,hc_dpd_c11595f8385723f4,AURO-DAPAGLIFLOZIN / METFORMIN,multi_ingredient_multi_variant,oral,retained,new_heldout,"Bilingual source, variant-link, language, text, and automated fact-evidence checks passed; human audit pending."
524,hc_dpd_31b576037946a679,JENTADUETO,multi_ingredient_multi_variant,oral,retained,new_heldout,"Bilingual source, variant-link, language, text, and automated fact-evidence checks passed; human audit pending."
525,hc_dpd_28e8d00fb2a43bbe,WILATE,multi_ingredient_multi_variant,parenteral,excluded,fact_alignment,"No source evidence found for hc_dpd_28e8d00fb2a43bbe_en ingredient {'name': 'HUMAN PLASMA PROTEINS', 'strength': 7.5, 'unit': 'MG'}"
526,hc_dpd_f05207f4ec1c7efe,SANDOZ SITAGLIPTIN-METFORMIN XR,multi_ingredient_multi_variant,oral,excluded,fact_alignment,No source evidence found for hc_dpd_f05207f4ec1c7efe_en dosage_forms='TABLET (EXTENDED-RELEASE)'
527,hc_dpd_6d520eb4ec5f1dac,CLINIMIX,multi_ingredient_multi_variant,parenteral,excluded,fact_alignment,"No source evidence found for hc_dpd_6d520eb4ec5f1dac_en ingredient {'name': 'L-LEUCINE HYDROCHLORIDE', 'strength': 310, 'unit': 'MG'}"
528,hc_dpd_4741de91bc2d979c,WIXELA INHUB,multi_ingredient_multi_variant,inhaled_or_nasal,retained,new_heldout,"Bilingual source, variant-link, language, text, and automated fact-evidence checks passed; human audit pending."
529,hc_dpd_d0114751082d9428,APO-AMLODIPINE-ATORVASTATIN,multi_ingredient_multi_variant,oral,excluded,duplicate_ingredient_group,An earlier selected family already represents ingredient group hc_ing_17a47d2c9c354ced.
530,hc_dpd_6347be01f6d2b0f9,TEVA-VALSARTAN/HCTZ,multi_ingredient_multi_variant,oral,retained,new_heldout,"Bilingual source, variant-link, language, text, and automated fact-evidence checks passed; human audit pending."
531,hc_dpd_a608059aa5b204d4,AMOXICILLIN SODIUM AND POTASSIUM CLAVULANATE FOR INJECTION,multi_ingredient_multi_variant,parenteral,excluded,fact_alignment,No source evidence found for hc_dpd_a608059aa5b204d4_fr brand_name='AMOXICILLIN SODIUM AND POTASSIUM CLAVULANATE FOR INJECTION'
532,hc_dpd_7cf389b7b2f4320b,IRBESARTAN HCT,multi_ingredient_multi_variant,oral,retained,new_heldout,"Bilingual source, variant-link, language, text, and automated fact-evidence checks passed; human audit pending."
533,hc_dpd_c459b2b97c620a6f,CLINIMIX,multi_ingredient_multi_variant,parenteral,excluded,fact_alignment,"No source evidence found for hc_dpd_c459b2b97c620a6f_fr ingredient {'name': 'Méhionine', 'strength': 240, 'unit': 'MG'}"
534,hc_dpd_9ed7580a41d7890d,ATECTURA BREEZHALER,multi_ingredient_multi_variant,inhaled_or_nasal,excluded,fact_alignment,No source evidence found for hc_dpd_9ed7580a41d7890d_fr dosage_forms='Capsule'
535,hc_dpd_d1f32183370b0a73,EDARBYCLOR,multi_ingredient_multi_variant,oral,retained,new_heldout,"Bilingual source, variant-link, language, text, and automated fact-evidence checks passed; human audit pending."
