model_name,language,field_name,cases,matching_cases,mismatched_cases,field_accuracy
gpt_5_4_mini,all,din,14034,14034,0,1
gpt_5_4_mini,all,brand_name,14034,11122,2912,0.792503919054
gpt_5_4_mini,all,active_ingredients,14034,13783,251,0.982114863902
gpt_5_4_mini,all,dosage_forms,14034,13987,47,0.996650990452
gpt_5_4_mini,all,routes,14034,14032,2,0.999857488955
gpt_5_4_mini,all,schedule,14034,14029,5,0.999643722388
gpt_5_4_mini,all,product_status,14034,11520,2514,0.82086361693
gpt_5_4_mini,all,company,14034,11169,2865,0.795852928602
gpt_5_4_mini,all,__schema_contract__,14034,14034,0,1
gpt_5_4_mini,en,din,7017,7017,0,1
gpt_5_4_mini,en,brand_name,7017,5161,1856,0.735499501211
gpt_5_4_mini,en,active_ingredients,7017,6870,147,0.979050876443
gpt_5_4_mini,en,dosage_forms,7017,6986,31,0.995582157617
gpt_5_4_mini,en,routes,7017,7017,0,1
gpt_5_4_mini,en,schedule,7017,7017,0,1
gpt_5_4_mini,en,product_status,7017,5545,1472,0.79022374234
gpt_5_4_mini,en,company,7017,5206,1811,0.741912498219
gpt_5_4_mini,en,__schema_contract__,7017,7017,0,1
gpt_5_4_mini,fr,din,7017,7017,0,1
gpt_5_4_mini,fr,brand_name,7017,5961,1056,0.849508336896
gpt_5_4_mini,fr,active_ingredients,7017,6913,104,0.985178851361
gpt_5_4_mini,fr,dosage_forms,7017,7001,16,0.997719823286
gpt_5_4_mini,fr,routes,7017,7015,2,0.999714977911
gpt_5_4_mini,fr,schedule,7017,7012,5,0.999287444777
gpt_5_4_mini,fr,product_status,7017,5975,1042,0.851503491521
gpt_5_4_mini,fr,company,7017,5963,1054,0.849793358985
gpt_5_4_mini,fr,__schema_contract__,7017,7017,0,1
gpt_5_6_luna,all,din,14034,13431,603,0.957032920051
gpt_5_6_luna,all,brand_name,14034,13597,437,0.968861336754
gpt_5_6_luna,all,active_ingredients,14034,13879,155,0.988955394043
gpt_5_6_luna,all,dosage_forms,14034,13988,46,0.996722245974
gpt_5_6_luna,all,routes,14034,14033,1,0.999928744478
gpt_5_6_luna,all,schedule,14034,14034,0,1
gpt_5_6_luna,all,product_status,14034,11415,2619,0.813381787088
gpt_5_6_luna,all,company,14034,13316,718,0.948838534986
gpt_5_6_luna,all,__schema_contract__,14034,14034,0,1
gpt_5_6_luna,en,din,7017,6426,591,0.915775972638
gpt_5_6_luna,en,brand_name,7017,6778,239,0.965939860339
gpt_5_6_luna,en,active_ingredients,7017,6980,37,0.99472709135
gpt_5_6_luna,en,dosage_forms,7017,6993,24,0.996579734929
gpt_5_6_luna,en,routes,7017,7017,0,1
gpt_5_6_luna,en,schedule,7017,7017,0,1
gpt_5_6_luna,en,product_status,7017,6700,317,0.95482399886
gpt_5_6_luna,en,company,7017,6812,205,0.970785235856
gpt_5_6_luna,en,__schema_contract__,7017,7017,0,1
gpt_5_6_luna,fr,din,7017,7005,12,0.998289867465
gpt_5_6_luna,fr,brand_name,7017,6819,198,0.971782813168
gpt_5_6_luna,fr,active_ingredients,7017,6899,118,0.983183696736
gpt_5_6_luna,fr,dosage_forms,7017,6995,22,0.996864757019
gpt_5_6_luna,fr,routes,7017,7016,1,0.999857488955
gpt_5_6_luna,fr,schedule,7017,7017,0,1
gpt_5_6_luna,fr,product_status,7017,4715,2302,0.671939575317
gpt_5_6_luna,fr,company,7017,6504,513,0.926891834117
gpt_5_6_luna,fr,__schema_contract__,7017,7017,0,1
gpt_5_6_terra,all,din,14034,14034,0,1
gpt_5_6_terra,all,brand_name,14034,14027,7,0.999501211344
gpt_5_6_terra,all,active_ingredients,14034,14022,12,0.999144933732
gpt_5_6_terra,all,dosage_forms,14034,14008,26,0.99814735642
gpt_5_6_terra,all,routes,14034,14032,2,0.999857488955
gpt_5_6_terra,all,schedule,14034,14034,0,1
gpt_5_6_terra,all,product_status,14034,14031,3,0.999786233433
gpt_5_6_terra,all,company,14034,14030,4,0.999714977911
gpt_5_6_terra,all,__schema_contract__,14034,14034,0,1
gpt_5_6_terra,en,din,7017,7017,0,1
gpt_5_6_terra,en,brand_name,7017,7013,4,0.999429955822
gpt_5_6_terra,en,active_ingredients,7017,7011,6,0.999144933732
gpt_5_6_terra,en,dosage_forms,7017,6992,25,0.996437223885
gpt_5_6_terra,en,routes,7017,7017,0,1
gpt_5_6_terra,en,schedule,7017,7017,0,1
gpt_5_6_terra,en,product_status,7017,7017,0,1
gpt_5_6_terra,en,company,7017,7016,1,0.999857488955
gpt_5_6_terra,en,__schema_contract__,7017,7017,0,1
gpt_5_6_terra,fr,din,7017,7017,0,1
gpt_5_6_terra,fr,brand_name,7017,7014,3,0.999572466866
gpt_5_6_terra,fr,active_ingredients,7017,7011,6,0.999144933732
gpt_5_6_terra,fr,dosage_forms,7017,7016,1,0.999857488955
gpt_5_6_terra,fr,routes,7017,7015,2,0.999714977911
gpt_5_6_terra,fr,schedule,7017,7017,0,1
gpt_5_6_terra,fr,product_status,7017,7014,3,0.999572466866
gpt_5_6_terra,fr,company,7017,7014,3,0.999572466866
gpt_5_6_terra,fr,__schema_contract__,7017,7017,0,1
gpt_5_6_sol,all,din,14034,14034,0,1
gpt_5_6_sol,all,brand_name,14034,14034,0,1
gpt_5_6_sol,all,active_ingredients,14034,14025,9,0.999358700299
gpt_5_6_sol,all,dosage_forms,14034,14033,1,0.999928744478
gpt_5_6_sol,all,routes,14034,14033,1,0.999928744478
gpt_5_6_sol,all,schedule,14034,14034,0,1
gpt_5_6_sol,all,product_status,14034,14034,0,1
gpt_5_6_sol,all,company,14034,14032,2,0.999857488955
gpt_5_6_sol,all,__schema_contract__,14034,14034,0,1
gpt_5_6_sol,en,din,7017,7017,0,1
gpt_5_6_sol,en,brand_name,7017,7017,0,1
gpt_5_6_sol,en,active_ingredients,7017,7011,6,0.999144933732
gpt_5_6_sol,en,dosage_forms,7017,7016,1,0.999857488955
gpt_5_6_sol,en,routes,7017,7017,0,1
gpt_5_6_sol,en,schedule,7017,7017,0,1
gpt_5_6_sol,en,product_status,7017,7017,0,1
gpt_5_6_sol,en,company,7017,7016,1,0.999857488955
gpt_5_6_sol,en,__schema_contract__,7017,7017,0,1
gpt_5_6_sol,fr,din,7017,7017,0,1
gpt_5_6_sol,fr,brand_name,7017,7017,0,1
gpt_5_6_sol,fr,active_ingredients,7017,7014,3,0.999572466866
gpt_5_6_sol,fr,dosage_forms,7017,7017,0,1
gpt_5_6_sol,fr,routes,7017,7016,1,0.999857488955
gpt_5_6_sol,fr,schedule,7017,7017,0,1
gpt_5_6_sol,fr,product_status,7017,7017,0,1
gpt_5_6_sol,fr,company,7017,7016,1,0.999857488955
gpt_5_6_sol,fr,__schema_contract__,7017,7017,0,1
